-0.5915172489175246,0.1949988339840133,1.0
0.4870600957285015,-0.2595458863477081,1.0
-0.38114917376825336,-0.4990216778857108,1.0
-0.3715513361967282,0.5793251229670567,1.0
0.9526000302863652,-0.4771918935308664,0.0
0.6454604981973958,0.7798602367070251,0.0
-0.3139103986418639,0.4628589660174025,1.0
-0.915344085994894,-0.34710403128878903,0.0
0.17737564772142314,-0.6507238523990615,1.0
-0.8569320258583497,-0.3997334785505315,0.0
-0.6135832290582304,-0.4694939169789774,1.0
0.456179544826964,-0.3625233833975137,1.0
0.5219196623907802,0.5437193316160093,1.0
-0.7078940003573211,-0.7901112141677096,0.0
0.6501294599239912,-0.036834340888217916,1.0
1.0999649209222395,-0.26318602390319706,0.0
-0.4427397073545656,-1.0081778498317238,0.0
0.9519714029037452,-0.230189685714416,0.0
0.5798559062466724,0.3834789699481861,1.0
0.04249397464844712,0.928655597997303,0.0
-0.12002422990078968,-1.0766674680091246,0.0
0.0867007326776297,-0.560324017617053,1.0
-0.06829189610882343,0.8682142346218308,0.0
-1.0000162200845106,0.5419138541500099,0.0
0.38069377161160506,-0.4593669344229375,1.0
0.4504030560764084,0.9256756502360344,0.0
1.0633090782478432,-0.264391734008638,0.0
0.3875000691112376,-0.8386652500975126,0.0
0.003311608166030086,0.5046982992044444,1.0
0.3578425259086765,-0.9519367301777452,0.0
-0.062417994784292975,-0.8210471934049643,0.0
-0.5986237399304161,-0.17376972467632795,1.0
0.371913603979385,-0.542792276266497,1.0
0.6083135278875871,-0.6986747652716553,0.0
-0.4649435990833839,-0.5031874707613306,1.0
-0.7550202682141831,-0.08089280737089305,1.0
-0.6518007502122442,0.031721344876143684,1.0
0.3900207735203723,0.25180402801453705,1.0
0.05231239131004392,0.9465223344969584,0.0
0.8483210369606594,0.5640756659297798,0.0
-0.2814901452465631,0.5434086672377787,1.0
0.13321078771066272,0.5473541464212089,1.0
0.9731228144204376,-0.22089666026552587,0.0
0.8675026174029673,0.38960526997766426,0.0
0.4435496358535842,-0.9161945485803784,0.0
-0.7959787696001641,-0.7751929887204472,0.0
0.37374963432994734,-0.4804898907040038,1.0
-0.5352299818120636,-0.5045839085176103,1.0
-0.895504551509203,-0.5532145935462711,0.0
-0.2685063539971456,-0.6060694233782369,1.0
-0.18269831243571444,-0.8458753326769353,0.0
-0.058550051303401275,-0.7333767655359376,1.0
1.0507093250191484,0.3631655466559149,0.0
-0.8229803859727964,0.3971786827256733,0.0
-0.07904628376783605,1.0573963914035591,0.0
0.007759379682161337,-0.5501773843958381,1.0
0.16383310119249678,1.060086028936427,0.0
0.3263812207867685,0.3415325128342325,1.0
-0.6757043088108943,0.7000292981393179,0.0
0.5783919991341007,0.9793869082917768,0.0
0.363606593822419,-0.8229208141619477,0.0
-0.8181575939336785,-0.18076410755700725,0.0
0.35406912709008576,-0.4009621891176104,1.0
0.34268759234416807,-0.4914208282534433,1.0
0.3950012487503556,0.5821364926712715,1.0
0.5989366847179928,0.10744886339149667,1.0
-0.40011752880078705,0.6182071295953608,1.0
-0.7900936382339654,0.7847051861775582,0.0
0.4009944216560893,0.4339440671763469,1.0
0.3873768871323511,-0.8719242538664062,0.0
-0.6491110670146897,-0.414004284910177,1.0
0.2118756753493728,0.5150168222414447,1.0
0.3671275376832193,0.4739781185216204,1.0
0.5275629726830466,-0.2151389455086305,1.0
-0.2631127574108301,-0.9921108926080404,0.0
1.0319333903698504,0.3675615226955207,0.0
0.24440813925267985,-0.8944626179938765,0.0
-0.7719055255598938,0.29503040289055515,0.0
-0.4937135013246882,0.16157696361106216,1.0
1.0061255118117571,-0.16494484251805222,0.0
0.024442619926914474,0.59105974391189,1.0
-0.0918095652963735,-0.7049138890767109,1.0
-0.4404388665529199,-0.2663813106644524,1.0
0.2169791508481641,-0.5845817238094901,1.0
0.13434629880370594,-0.9706548384785908,0.0
-0.9195040536735132,0.3010860805168705,0.0
-0.3940145414727934,-1.025720981393622,0.0
-0.2484315466697708,-0.6201560494129582,1.0
0.00911267499561666,-1.0052872939289084,0.0
0.5847711170637513,0.08683776558811053,1.0
-0.3106499466583731,0.6571194858966731,1.0
1.0750167235177257,-0.2477795481440713,0.0
0.046713367572515735,-0.5393265003010584,1.0
0.33235760029755235,0.9796875154791244,0.0
-0.20153473262696453,0.5868549053335543,1.0
0.538202010459731,0.7482567869821388,0.0
-0.6455255436629402,0.8785485510745973,0.0
0.465059654455647,-0.6116137237836898,1.0
-0.4233350489091562,-0.2513559845196101,1.0
0.9660238863799137,-0.3790872118060628,0.0
0.5465029563175157,0.24695881098346575,1.0
0.0008561601745792381,0.8855347778386472,0.0
0.2168998362290689,-0.5392943519484179,1.0
-0.6442373500973577,-0.733162262554161,0.0
0.3882531190336749,0.9988129325794286,0.0
0.028622121378457207,0.4258543396350485,1.0
-0.7262501386566032,-0.9569146891357879,0.0
-0.1819227325654066,-0.45101085041747996,1.0
-0.6916292046506644,-0.5160821498554891,0.0
-0.5268217664803125,0.2074472428553192,1.0
-0.8291199196387259,0.13914180514278118,0.0
-1.0760073886803363,0.13952953015819608,0.0
0.5421500469030077,0.4090982248626874,1.0
-0.3763250505627264,-0.3747398724166389,1.0
-1.047151753094037,-0.3859390157928092,0.0
-0.17231159647759056,1.042753038515561,0.0
-0.2121397132231616,-0.5251734239169298,1.0
1.0044542370974638,-0.44539351349299694,0.0
-0.20200074547770855,-0.5073219572747876,1.0
0.5623380125790938,0.3260362976564918,1.0
0.57,0.33,1.0
-0.5397479384703886,0.3568799162945222,1.0
-0.023197381116702026,0.9423251112005092,0.0
0.2677073057935009,-0.4395812768008563,1.0
0.7233486131624436,-0.041428818382261264,1.0
0.0006175286445531948,0.6924482768306024,1.0
0.6147908117797451,0.7886957895530224,0.0
-0.3227340778315129,-0.8548812505274679,0.0
-0.440478502162845,-0.030709581244365305,1.0
-0.43501424954985707,-0.500573008473911,1.0
0.5021016736767792,-0.3283323886815126,1.0
-0.13165755811787475,-1.031578817309517,0.0
0.9811319622048515,0.17088671593319044,0.0
1.0912213058963918,-0.0654771088902613,0.0
-0.24912941059689536,-0.5902009663518857,1.0
0.1569120409707999,0.4606582559572011,1.0
-0.3060655880530625,0.8504839666638484,0.0
1.0699545893865836,0.02837242976209893,0.0
0.4444354765453927,-0.39025110785805656,1.0
-0.4131109730797162,-1.0522579803126308,0.0
0.4210963821983741,0.4586801928926684,1.0
0.5892505486764578,-0.3526418520366233,1.0
-0.926899089125128,-0.2531285165471063,0.0
0.9073900543049388,-0.4252943322588725,0.0
-0.5604083310026299,-0.6095815371638802,0.0
0.1941909632068988,0.5354756819390099,1.0
0.4069678555795473,1.0042905044830501,0.0
-0.6658078370883821,-0.5379656161671851,0.0
-0.8024482054492148,0.6148903986297061,0.0
-0.3603608805567927,-0.4665647670794121,1.0
-0.4365179639172597,-0.15510814135686882,1.0
-0.6620341748741666,-0.8794960582434316,0.0
-0.007856723870004953,0.4576320264697917,1.0
0.4873732215532198,-0.0947218135466918,1.0
0.3297145706884517,-0.9086284572004624,0.0
-0.5654586978624089,-0.9216682806996672,0.0
-0.9569073418862856,-0.6324773188450723,0.0
-0.20716514270930408,0.6545468148421805,1.0
-0.9759405824423903,0.1516936890058554,0.0
0.15186032056204574,-1.0003512197499584,0.0
1.0618169535383224,0.0945281830692224,0.0
-1.0261651376095346,-0.4410272438233328,0.0
0.7183616795548702,0.0929930578115337,1.0
0.11979013426311765,-0.9030692830968848,0.0
-0.5709010167877626,0.5233869276241574,1.0
-0.6434233789308046,0.776212546528506,0.0
0.3272664326379171,0.35610729308133426,1.0
-0.5038438825270972,-0.7457714069248299,0.0
-1.0379530924347398,0.15650524465121307,0.0
0.1419454216387056,0.7123005620441565,1.0
0.6114307959138309,0.15098622950105967,1.0
-0.6708445646776564,-0.0942758952933158,1.0
0.42970225349997226,-0.39535717140108,1.0
0.968733865059442,0.5323538694285673,0.0
0.05492869334290972,0.5836690385938531,1.0
-0.30005406811253005,-0.8087277473788175,0.0
-1.115275894760044,-0.1283537038465946,0.0
-0.4456942809458197,0.1147606344047916,1.0
0.5495692997081061,0.25696611208979986,1.0
-0.22025772376421587,-0.4389553469412813,1.0
0.9852272463778292,-0.6488305119629914,0.0
-0.24648794846876595,0.6197568107828777,1.0
-0.16143070917702002,0.8326309858802751,0.0
-0.4648149649744334,0.3334562777327982,1.0
-0.9579938114439036,-0.0075890054059788185,0.0
0.7058142672289595,0.22418383862413446,1.0
-0.7040131844123505,0.6932120806008512,0.0
-0.4003403975706393,-0.6301781855480186,1.0
-0.4491499844316979,-0.4796610769202654,1.0
0.6407467008643085,-0.19702886617125268,1.0
0.19529089897781604,-1.1537361634768124,0.0
-0.017228365513615642,-0.9304402846595348,0.0
-0.9147134772039688,0.646145678378466,0.0
-0.7486940950499001,-0.6155902819053117,0.0
0.29424081490874343,-0.3734838612405577,1.0
0.8647983866411304,-0.7174546643293156,0.0
-0.0008458064254473763,-0.8682705291243702,1.0
0.4857850961112154,-0.28184915719587605,1.0
-0.8986049193057669,-0.14647668690015034,0.0
0.7591680245561384,0.4570201176005438,0.0
-1.0196246152501829,0.4254600577676724,0.0
0.5423800380753888,-0.2786132661825597,1.0
-0.5380372260637432,-0.6964617295078349,0.0
0.5692764924936785,-0.4679361866509976,0.0
-0.7361030742685446,0.5434096665351793,0.0
0.6905829163933356,-0.7725583095027365,0.0
-0.02927968620650892,-0.6558467699370042,1.0
0.2641984954551665,0.8898594441674634,0.0
-0.4669904004967781,0.3380437516404824,1.0
0.9014970742837151,-0.10655562258030728,0.0
-0.6077277457764954,-0.6944544122403636,1.0
-0.7294100833636459,0.7599705069469771,0.0
-0.4926294138240492,0.24501245161305535,1.0
0.8888646119507678,-0.4503268444365204,0.0
-0.5578933901800712,-0.4657760122521154,1.0
-0.5214658446406234,0.4703346358351085,1.0
0.4506183094560364,0.26392142068243296,1.0
-0.01875257812459213,-0.7893554842210737,1.0
-0.5078303554064957,-0.005904041978322408,1.0
-0.452536280508092,0.2485138928940077,1.0
-0.7019609072299194,-0.7680218101614733,0.0
0.4577370226849467,0.26933860479787136,1.0
0.7367263476674812,0.2522896784307453,1.0
0.6378996195660958,-0.7174784326819658,0.0
0.9308849221027221,0.3764758417035719,0.0
-0.1414155762687948,-0.589021274331802,1.0
0.4324484973657859,-0.8924251343205547,0.0
0.017774244554462217,-0.7197554547592964,1.0
-0.6699412569842393,-0.853791905876921,0.0
-0.4897629423863034,0.8207195936506929,0.0
0.1600242215135974,-0.5832669238149768,1.0
0.37741239759154976,0.920237380115807,0.0
0.29487783445230986,0.9119145147233968,0.0
-0.9385369651799691,-0.07995515401029821,0.0
-0.021165999201440383,-0.6178171059892962,1.0
0.3995332572631909,0.2972340457843992,1.0
0.8848565253248788,-0.23710289320708103,0.0
0.7324441990254863,-0.5922301541288171,0.0
-0.2436315981691504,-0.5855768964106504,1.0
-0.5806117889223096,-0.15237468663909093,1.0
-0.9780378209209568,-0.4864560392823503,0.0
0.5196382697006355,0.9679868274498199,0.0
0.9104217238659114,0.5062533123204214,0.0
-0.4442912237145791,0.3985667749607335,1.0
-1.0544253178908622,-0.1639655148742121,0.0
0.7059238548585334,0.601943751484911,0.0
-0.15898885038072158,1.0073226100615404,0.0
0.6515503397338424,0.6322550791408915,0.0
-0.9218160098749852,0.3891003547004719,0.0
-0.428315723507191,-0.1974823707243576,1.0
-0.27494079158104706,0.6512598113554462,1.0
-0.31862765337705073,-0.9546517316610622,0.0
0.18677924315470396,0.8397675153950948,0.0
-0.9388838316513592,0.14451337368534295,0.0
-0.6462849627366499,-0.20222974564138524,1.0
-0.5909162536361573,0.27592680563897914,1.0
0.5560781697758732,0.5103389115442368,1.0
-0.06389684431591286,1.1397111328986946,0.0
-0.14496720144346426,-0.41811092108580256,1.0
-0.9459506978029376,-0.4701315267688571,0.0
-0.07758435189853244,1.0747111123704411,0.0
-0.6537303311193379,-0.6606591169317675,0.0
0.10419210292975437,-0.8929744988375139,0.0
-0.693976413163479,-0.8594208699823838,0.0
-0.07910741943431929,0.9948949136271732,0.0
-0.5913763819669431,0.8450167195454911,0.0
0.5102756173035659,0.5260103622005523,1.0
-0.1219372526276764,0.491773972861791,1.0
-0.4485465327418214,-0.7864758477562266,0.0
0.4374608177774334,0.37695694795316464,1.0
1.0052070194337603,0.17016216345605598,0.0
0.20220306187302228,0.9801995719383226,0.0
0.6929534850744395,0.829880024609202,0.0
0.3189354902462181,-0.9988835026856016,0.0
0.4341918794628473,0.8745190775706031,0.0
-0.0034918586671932594,0.8839721686819516,0.0
0.5712239194355919,-0.21117420903884135,1.0
-0.2796194757158526,-0.3746729298511946,1.0
-0.964693348371393,0.35541093022125103,0.0
0.4146047801002147,-0.87043634424512,0.0
-0.11303586197252224,-0.5902410102238596,1.0
-0.14423939881590922,-0.5983940478366317,1.0
-1.008553384704017,-0.5085485290748777,0.0
0.5207587488160805,-0.573973146390478,0.0
-0.7571756988547264,0.6618249026622788,0.0
0.14415337285944355,-0.6174213223504905,1.0
-0.6557404531324942,-0.6063262934947447,0.0
0.7773272011826714,0.7204794426778075,0.0
-0.3554133627448315,-0.8971249273035474,0.0
-0.05324255587583642,-0.6499959804261778,1.0
0.6264996416118359,-0.20306412873690596,1.0
-0.401869549792716,0.6942629020938479,0.0
-0.557693504310894,0.5151444667248906,1.0
1.0463567364343065,-0.35319641998121803,0.0
0.7633254289305165,0.3053772946571796,0.0
0.049296100740939375,-0.4635220120442008,1.0
0.6055958604834745,0.6738446589822777,0.0
0.26844970848816,0.4509934332858507,1.0
0.17316828148503444,-0.5163542026909551,1.0
0.05966315879312975,-0.6193329498465484,1.0
-0.3162752148836255,0.4938241984792018,1.0
0.7820848313851347,0.20017124628797525,0.0
0.8367592519931321,0.4910680313254801,0.0
0.5418660216096188,-0.7644126464764567,0.0
1.0304514209722904,0.5494183764952363,0.0
0.4319503023590039,0.30309031700126965,1.0
-0.2152684479357892,0.7109243649061681,1.0
0.17534286734934162,-0.9503614462712812,0.0
0.5794673326500617,0.7448564741715801,0.0
0.4691379881562207,0.3257131431078677,1.0
0.2816243180303818,-0.9686984039052944,0.0
0.6745133829091323,-0.7251738112319541,0.0
0.4666521527956636,1.0883955804348158,0.0
-0.4344019556526597,-0.7831335921980791,0.0
-0.6965606972991875,-0.4987870595268061,0.0
0.3041566230280853,-0.4637628014407949,1.0
0.2980752484723075,-1.0552722110762955,0.0
-0.7444210032033456,-0.6115531390094496,0.0
-0.6499524755198451,-0.4365369769216306,1.0
0.1894080346091241,0.4432957086784409,1.0
-0.44019235856804345,0.43149026186139455,1.0
0.3725758334777625,-0.6018341343984301,1.0
0.4963062989373294,-0.5158766724928049,1.0
0.15876521381238318,-1.0654766912564553,0.0
0.9925937905824668,0.1539333618831979,0.0
-0.3646805085543509,-0.5429955318800995,1.0
0.5224264538069329,-0.6884697245790391,0.0
0.5112204252641619,0.3712401600495128,1.0
0.2285878111411349,-0.5505169729642496,1.0
-0.4781593845550957,0.9302612175589184,0.0
-0.0622630328307208,0.5986510904259259,1.0
-0.06810037556404896,0.569786114201463,1.0
0.038219563309585314,-0.6386687890781836,1.0
0.5898606873650312,-0.9751534882175558,0.0
0.6470958275605952,-0.7118938020553431,0.0
-0.5842026419367938,-0.2346560562246224,1.0
0.3013832115543673,0.9092369793005374,0.0
-0.22414269407160772,0.4883575275805127,1.0
0.8666403531105628,-0.5906107069666469,0.0
-0.057306566702835175,-1.038733953551586,0.0
0.7206651689398961,0.7628153715885169,0.0
0.3067573060610365,-0.4989771966496829,1.0
0.6635706098660115,-0.6240060257039698,0.0
-0.07989544549251767,0.4491826882227789,1.0
0.3695698865426595,0.2322445433602312,1.0
-0.8038751295869302,-0.3634801862748516,0.0
-0.8538596742780401,0.63972794753602,0.0
0.5577827945452625,0.06698038047168195,1.0
-0.05224699166297951,0.4931695983280408,1.0
-0.08864596151837352,-0.7521208512951298,1.0
-0.04726609728158904,0.5503134011193583,1.0
-0.5081543708698452,-0.3378583604106593,1.0
-0.5831144122876197,0.7649331239937536,0.0
-0.4283019107670453,-0.5326796873343476,1.0
-0.41795719836569545,-0.4223803341206261,1.0
-1.0595520500060742,0.28098794462340376,0.0
-0.20264100652884853,-0.9893423870357938,0.0
-0.492597377978377,0.40984325607957306,1.0
-0.12233404820278278,-0.6051356353433218,1.0
0.6306436091468895,0.16021384742014946,1.0
0.19651134190596156,-0.5614179570248,1.0
-0.9010788685021311,-0.1744066848133234,0.0
0.9557095298787898,-0.5617594481498224,0.0
0.2440737262084601,-1.125571123025864,0.0
-0.5222743257811492,0.15323507582019338,1.0
-0.10562744377833944,-0.5367288333922801,1.0
0.6578266053417727,0.8087689865212484,0.0
0.06616963115599182,1.175971958690944,0.0
0.2336758089644811,-0.3916642601909527,1.0
-0.9598439282176842,-0.4916597005898481,0.0
-0.4984436475989088,0.3816334988556696,1.0
-0.7413195101994913,0.4073381267879496,0.0
-0.3898196443486238,-0.3928323620446633,1.0
0.6263173472394957,-0.2315485327179679,1.0
0.40598029853947604,-0.4238965633804262,1.0
0.9740550271429468,0.35182631866460423,0.0
-0.5003855976520035,-0.3830881948235745,1.0
-0.8622485569179592,-0.6422357617034502,0.0
1.0167586374674624,0.5872208438129829,0.0
0.21114019236690704,-0.4681959828895482,1.0
-0.009395447699121387,-0.6433042999041078,1.0
-0.6996805413816218,-0.00936895913819813,1.0
-0.5657328766168457,-0.18621273441066372,1.0
-0.3948720515617296,0.5108929485789899,1.0
0.22957531361602454,-0.4054110088471239,1.0
-0.6777099881176405,0.7121901607346918,0.0
0.31486663186482755,0.7375054214230994,0.0
0.5871235178385275,0.04013386563893735,1.0
0.9408819381491262,0.09207084482828634,0.0
-0.6889695669324882,0.015821475026255485,1.0
0.6473947948064599,0.6691539146828379,0.0
0.2622938927863824,-1.1366113529430182,0.0
0.5489601069437818,0.7526953564584091,0.0
-0.8419884544335692,0.4425153394413657,0.0
0.6660811460703068,-0.08384335731951979,1.0
-0.32142905602525473,-0.4574344717908844,1.0
0.3269368176987134,-0.8786277033103327,0.0
0.7159537617675873,-0.77250404949911,0.0
-0.9162431467087258,0.3304574039162003,0.0
0.1723096078529465,-1.0472431390835255,0.0
-1.1066948838510564,0.17446690241840895,0.0
-0.48348011899195703,0.2663175739824595,1.0
0.4488756286971503,-1.0648537295991924,0.0
1.2729918714322124,0.012705798883428284,0.0
0.6512094799117099,-0.13939211054283773,1.0
-0.993976918484469,0.05151218198987828,0.0
-0.6488420037480094,0.1652636579175663,1.0
0.8131845610682608,0.32392286141889703,0.0
0.8450515140411723,0.16455136672976664,0.0
-1.0830805202934006,0.0853647834405476,0.0
0.615717551670437,-0.058956396351780474,1.0
-1.020532892488765,-0.2506482417149915,0.0
0.9509495348532352,-0.14632357070472216,0.0
-0.6043746624438775,-0.7996494187202462,0.0
0.6009213140648063,-0.2969121990088273,1.0
0.5387252975295979,-0.06718058257003741,1.0
-0.478793986964497,0.42651964975977774,1.0
0.4443870759242644,0.7128699844704163,0.0
1.0249422425531909,0.17572338889804792,0.0
-0.3213562599387345,0.3875786325484183,1.0
1.065591015014981,-0.22760656675164595,0.0
0.08032062763414198,-0.8320131200631125,0.0
-0.6619334588685923,0.1346073205561431,1.0
0.1292249461196624,-0.4783631022215102,1.0
0.5969056821571301,0.13783027765090886,1.0
-0.3867760044116899,-0.2427707452093721,1.0
-0.7543601770735715,0.7554592763271989,0.0
0.8380823745840159,-0.5063430252526768,0.0
0.5161963786921819,-0.028539909769244733,1.0
0.07114399995372359,0.4782343537173206,1.0
-0.4600558389277542,-0.1618970023574507,1.0
-0.9454909253573268,-0.2765443174377725,0.0
0.8942574545617561,0.18796020247836795,0.0
0.496109509580476,0.39539943962936985,1.0
0.8822121526265579,0.3395296992660625,0.0
-0.3704008075390664,0.413578642080704,1.0
0.3463387463554712,0.7919830157731271,0.0
0.12042758110258812,0.8642347723587027,1.0
0.2581208395853677,0.5024570748866892,1.0
-0.8407079844085419,0.5672357155322443,0.0
0.06684807556275074,0.9008501772037004,0.0
-0.032136916793804426,0.4469566357005955,1.0
-0.2810926620447998,-0.8353075823324332,0.0
-0.3534487360964945,-0.8644638962268258,0.0
0.03287580316592768,-0.5786188430571579,1.0
0.4460209978328496,0.44555071875521857,1.0
-0.1277095364501692,-0.7023298815681738,1.0
0.02654837106797792,0.5200754416565051,1.0
-0.6509633470750664,-0.07522664819413634,1.0
0.6467952010100089,0.007912377103082568,1.0
0.7930882780005231,-0.5742286309511421,0.0
0.9529126254900248,-0.2152638082247032,0.0
0.43238162682370096,0.2757449539392669,1.0
-0.5320567836639865,0.20159046978926096,1.0
0.8873317324909852,-0.2997649838722192,0.0
-0.7667332432211061,-0.07826996272661314,1.0
0.7257098604372171,-0.5080085407716323,0.0
-0.6540750863962084,0.3932013670971928,1.0
0.4409293009369997,0.26836697356338657,1.0
0.5738507426264751,0.047013411481596296,1.0
-0.800413397977598,0.7491110727990851,0.0
0.8935489690865017,0.010754468542514469,0.0
-0.4569517767620769,0.5254509288360816,1.0
-0.5578465177325699,0.6499080213920452,0.0
0.2838607886588836,-0.9055178107929878,0.0
-0.4723090269358815,-0.43911717549419627,1.0
0.6153926845383663,0.3028190402696214,1.0
0.4808485815516039,0.21156728258187588,1.0
-0.14086640573670153,0.3899702315052973,1.0
0.5678588530882528,0.2140443712294,1.0
-0.3648508266516141,-0.6346188645904051,1.0
0.6757514783581321,-0.2378361187560513,1.0
0.5624699295423831,0.2045605934679489,1.0
0.0623073181303182,0.9365127005932,0.0
-0.5187005354430729,0.3911224839696336,1.0
0.8609968297385282,0.3707365552389788,0.0
-0.7653558987431088,-0.021808207227452404,1.0
0.10932161875290802,-0.5943150361605762,1.0
0.9127742378397106,-0.4922444512375301,0.0
0.011291792418709331,1.1136451140544172,0.0
-0.7117817744479792,0.2431476637234496,0.0
0.10517931156088736,-0.4588325579567492,1.0
-0.3152291151329041,-0.428074047737318,1.0
1.041442632606994,0.29051690907340266,0.0
0.8374393241126787,0.630739378146855,0.0
-0.4010552732496608,0.9850875962001088,0.0
0.03693631171292554,0.4737326359818546,1.0
-0.2321438856976614,-0.5526368929900085,1.0
-0.2455911603637824,0.4151482175680752,1.0
0.4376945855016076,0.3888973621278826,1.0
0.125011248613133,-1.0831677641492248,0.0
0.6604984543916192,-0.049375520195132784,1.0
0.5491082192766965,0.2540038248271236,1.0
0.5179240610057334,-0.2130054308794034,1.0
-0.4773232115838361,-0.935270709980644,0.0
0.250893090932208,0.4636054207658136,1.0
-0.07423591068240559,0.45101732923255494,1.0
-0.0495283478901986,-1.0314430107949617,0.0
-0.06662925834987986,0.6497356701413919,1.0
0.21337193785124967,1.11164783235993,0.0
0.8170820066034086,-0.6734679399771111,0.0
-0.7258984805525115,-0.07931871664053497,1.0
0.14529359419792892,0.5577240112703848,1.0
0.26310971129653915,-0.5275085647369335,1.0
-0.3692797036063282,-0.4945425724776068,1.0
0.36128855313143415,-0.3781597313353119,1.0
-0.6098453951522127,-0.2066426463782373,1.0
0.4576137222181855,-0.5559837405794337,1.0
0.171771255232384,0.8385391685965309,0.0
-0.4528654500248378,0.5531535976508603,1.0
0.19730486809620404,1.046070645072103,0.0
-0.1724471957799314,0.8610214023905176,0.0
0.5989695744186724,-0.3280421372662791,1.0
-1.0656062974123182,0.5157372639961053,0.0
0.5515044913600626,-0.8636481751583769,0.0
-0.055179480805751635,-0.5748169323274052,1.0
-0.4858320572990009,0.07392813320258157,1.0
0.970609546261668,0.2323845007301372,0.0
-0.6406894137389824,0.199666242724414,1.0
0.2735325608156054,-0.6642210696099237,1.0
-1.144972875385794,0.6554649861810439,0.0
-0.4646153666991234,0.8024443259136731,0.0
0.23095351799513214,0.4889368656573862,1.0
-0.4845796841072653,0.4027280782976968,1.0
0.4301897780384421,0.6350114917885605,1.0
-0.06710762462437805,-1.0355662089870934,0.0
0.08083401376867748,0.471913197204308,1.0
0.7000023341773269,0.7948230323079012,0.0
0.5736454449890818,0.1265042431730551,1.0
0.4072722724375234,0.19728084141400792,1.0
-0.8037040249701043,0.4557689424216776,0.0
0.09442544430470842,-0.6565633025650977,1.0
-0.8681260028709659,0.5193886394460507,0.0
0.5205819016645595,-0.2198271931537812,1.0
-0.5466183133925533,0.3883827622841417,1.0
0.5424524328948128,0.20116214835994664,1.0
-0.7114811084681497,-0.047782351702305416,1.0
0.433841508316522,0.2327603933067634,1.0
0.92201828541798,0.6470951817838315,0.0
-0.7623936915843887,-0.6489755519304001,0.0
0.2706052140878771,-1.0444913019300377,0.0
1.085854973790216,0.048296702673150005,0.0
0.621742188017008,0.14574653706736712,1.0
-0.9139864277227904,-0.21201785533196846,0.0
-0.5035984740897856,0.2335281541523641,1.0
0.7737072444734068,0.6560570546913643,0.0
0.08240336766119752,0.7854729805190142,1.0
0.9367003269803481,0.13835629486507864,0.0
0.6690152096890771,-0.19551980134203056,1.0
-0.6814210131444932,0.8838291443034134,0.0
-0.5147119476543212,0.5722642112397613,1.0
-0.431880369857966,0.4178518625670535,1.0
0.11910838676362424,0.8412602293136839,0.0
-0.7708578674882564,0.06023796783542337,1.0
-0.4909054774500986,0.2242768877642402,1.0
0.51511205169066,-0.2923964647904957,1.0
-0.5239454669915835,-0.5753397372515732,1.0
-0.8329091445397169,0.14159762396774786,0.0
0.37823105495514536,-0.4422944724480761,1.0
0.13305350255643414,-0.5405598544635596,1.0
-0.28058654232040425,0.30997239523940384,1.0
0.21347625866388328,-0.5592972233239764,1.0
-0.8448993049425936,0.1814514138365624,0.0
-0.585981101692847,0.06242578052011144,1.0
-0.15528586394008134,-0.4456886622762413,1.0
0.5941249822782536,-0.00043211905132599024,1.0
-0.8835183430808337,0.6201442923681121,0.0
0.18844908406228106,0.8756237577245604,0.0
0.5080457228855945,0.199716550747587,1.0
-1.1125433257601698,-0.328225778600041,0.0
-0.9295242311847878,0.23105813260203195,0.0
-0.2392510102746833,0.5289081840181379,1.0
0.8644078477065483,0.6018302927772053,0.0
0.6465039024305165,0.924798837632396,0.0
-0.4683840087559503,0.937372033695548,0.0
0.2433229716559849,-0.6260467521318487,1.0
-0.8755220774434036,-0.01806856196292085,0.0
0.5019191257321138,-0.2969875386311239,1.0
-0.01492399289626684,0.5362351026962668,1.0
0.000987264966286183,1.1136276704254655,0.0
0.26916000465844303,1.069382481582706,0.0
-0.0836319543166057,-0.6561594545688848,1.0
0.26820112349120423,-0.6019141411641871,1.0
0.10495381969584716,0.4635324552381027,1.0
-0.18188718253059832,-1.059786924432297,0.0
0.5001387952489127,-0.1390438087705848,1.0
0.6826876514289941,0.001428591585816735,1.0
-0.5958018342019974,0.5322740437638052,1.0
0.6192373073493553,-0.05038972145776368,1.0
-0.11935091668798023,-0.8430362772000712,0.0
0.4332112276199006,0.4146560437457845,1.0
-0.31119322147559925,0.4711275971162186,1.0
0.4935785615612624,-0.9306474792115224,0.0
-0.9807230505498482,0.1913205683369073,0.0
-0.5263948082527692,-0.542675537228418,0.0
-0.02405151426777044,0.7749281572370335,1.0
-1.1706173321999995,-0.35085353751473536,0.0
-0.1552423314985781,-0.6842122749067941,1.0
-0.4948467259821501,-0.9445274108683906,0.0
-0.3914194815509875,-1.0898603579418589,0.0
-0.9745677679671022,-0.14891171846951573,0.0
-0.7220596414689073,0.7944112174993492,0.0
-0.4750110558074378,-0.18918223704651735,1.0
-0.2482454236888925,0.7661699118939863,0.0
0.4821680123622374,0.2030474944407876,1.0
-0.3876436741849327,0.2838033635449536,1.0
-0.029095077864736862,0.8769182527666752,0.0
-0.4885109695882665,-0.013460197523378771,1.0
0.4613132246014908,0.4467569387146463,1.0
0.41055909833576376,-0.3265513777413959,1.0
-0.9080383577234624,0.6002111187032876,0.0
-0.5990703719359981,0.1704989896369864,1.0
-0.6566275956952384,-0.4857090264824981,0.0
-0.5753535359279558,0.16961291298350678,1.0
-0.21956923685683674,-0.4590948976746854,1.0
-0.8950826195360657,-0.4602581402125167,0.0
-0.8657124078994831,-0.2909821967262808,0.0
0.35146749429172885,0.9538039737619978,0.0
-0.26307651558485,-1.0286850974774338,0.0
-0.27929954989116423,1.1108270592461356,0.0
0.7256827785221691,-0.4673128466426184,0.0
0.5416638554248276,-0.04938588422616064,1.0
0.7162956448360357,0.6155049117666791,0.0
0.5850234978865824,-0.333743875999093,1.0
0.7779403863506718,0.027248394875141854,0.0
-0.3579907817161606,0.7759372532110751,0.0
-0.6880198217294389,0.7362320611958589,0.0
-0.9418533853430716,-0.23199636216650865,0.0
-0.4523285242644339,-0.5229663754984794,1.0
-0.3103158783748952,0.5501039742442919,1.0
1.0779888268756312,-0.3768789342591625,0.0
0.29610316389967484,0.7121945297801713,1.0
-0.4150389879684195,1.0351599936498093,0.0
-1.0406435834376306,-0.006490536084122006,0.0
-0.5724217791095251,0.3152286425799918,1.0
0.4704057776402788,0.5325904939621545,1.0
0.5214820916061331,0.7818385285243835,0.0
-0.07583040883339963,0.5806405872216737,1.0
0.9015883975090709,-0.21773945290013,0.0
-0.948411699676656,-0.3820748425214304,0.0
0.7475823023804842,-0.563684392050389,0.0
-0.6301159087856993,0.8231015924361497,0.0
-0.16405376956774906,-0.8440781059927683,0.0
0.378473188806262,-0.4201323399282544,1.0
0.1587374187356015,-0.7984290655871105,0.0
0.339384249501398,-0.4087174818443313,1.0
-0.9878045732662716,0.08074564781136802,0.0
0.8098434768445197,-0.3117612655211628,0.0
-0.9657394932107816,-0.7257653981949002,0.0
0.32631846204713283,0.6986171166293489,0.0
-0.140734311967715,-0.5752157488416515,1.0
0.910569386776489,-0.12542209575648908,0.0
0.5987994936611838,0.27474751043186585,1.0
-0.3623554059032884,0.8332704350975148,0.0
0.35033833144652776,-0.3462693099554576,1.0
0.4854209488612123,1.2142627818729317,0.0
-0.5828945325544659,0.8362089939002796,0.0
0.3011185352700431,0.7400370107229004,1.0
-0.5216341995358623,-0.4990062839006866,1.0
0.2778969795196172,1.0181377671149214,0.0
0.42271871992761895,0.3879398816732504,1.0
-0.5411118161208027,0.49942138964910404,1.0
1.0002792732385737,-0.65602976899434,0.0
0.5526432591605516,-0.6696827427638496,0.0
-0.30682802924725155,-0.5377191318365058,1.0
-0.1428565868126245,0.4324852099247565,1.0
0.6544732591928236,-0.7047460394867043,0.0
-0.5585782694113115,0.207062297547044,1.0
-0.9643073138684198,0.030674193930751232,0.0
0.10540420084874444,0.476373870015487,1.0
0.4704372242522309,-0.2606551593812713,1.0
0.02909799801046742,1.1122103936141885,0.0
0.12117206128790314,-0.4019072328825596,1.0
0.5784554382140115,0.38966198018542897,1.0
0.20278772023905703,-0.5773640610196109,1.0
0.017939233151739536,-0.6428970908279298,1.0
-0.18287425199008608,-0.4831925723814333,1.0
-1.0131015178008969,0.5685343014716836,0.0
-0.05044077077899085,-0.9518203900371378,0.0
0.07738096730218008,0.636769693017241,1.0
-0.6689473121485614,-0.7536304154644989,0.0
0.6678329389586232,-0.2940599970496807,1.0
-0.3592546265431838,0.8956896361016065,0.0
0.2611948829190512,1.0478571695915213,0.0
0.2890238414836086,-0.5601336629974611,1.0
0.9172666994159854,0.2167225041569916,0.0
1.010997781002407,0.19512350067789205,0.0
-0.9669387255576936,-0.5870424176671905,0.0
0.5411128850579345,-0.4700501565562766,1.0
-0.05557483666504279,-0.6604116147845839,1.0
0.8035065574871804,0.8965633650836959,0.0
0.4898545248988744,-0.06533334678924083,1.0
-0.6141341263201315,0.05459312397897395,1.0
0.4250602320098501,0.21919517201944694,1.0
-0.00898144754021092,-0.6881158918830518,1.0
-0.9501092117809636,0.7050808499308314,0.0
0.3658260910781165,-0.6587697702152691,0.0
-0.9878593327369922,-0.185519228273142,0.0
-0.5646314474047633,0.4754269390601198,1.0
-0.3332630542041466,-0.5726109692614771,1.0
-0.5056999877247961,0.4511395919094995,1.0
0.7312973607861172,0.5522975880512585,0.0
-0.4513473772971139,0.21436601901074365,1.0
0.6908184311040885,-0.9627239209917514,0.0
-0.4055260401930241,-0.43040287084432494,1.0
0.3306416742953123,0.3340342058145312,1.0
-0.6210975030299699,-0.3324796042523084,1.0
-0.6170106220501018,-0.29438938355908045,1.0
0.4470793711361381,-0.9075057241870236,0.0
-0.1186882263744564,0.6501038608021643,1.0
-0.5608992332191554,-0.3457805845825948,1.0
0.44717381532584055,-0.5650107004807169,1.0
-0.31551330000173905,-0.3326825167382389,1.0
0.5282899827088378,-0.24088720094886676,1.0
-0.2875208408881213,0.33873101466336564,1.0
-1.124853223298086,-0.1957686287368988,0.0
-0.14363118237792796,0.6473771141198509,1.0
-0.6512223360440783,0.15061307179405742,1.0
0.7852358787922038,0.08828623328208203,1.0
-0.9352090060091196,0.1799078254017824,0.0
0.09402526638517104,1.054734935530643,0.0
0.6282847000473861,0.30458041358092003,1.0
-0.14599417755412222,0.6457079313532886,1.0
-0.5665310811358055,-0.09969013596257044,1.0
0.3671980109328775,-0.905534443212622,0.0
0.1937957950744046,0.5232863253594676,1.0
-0.13727419355158066,0.6698761806932179,1.0
-0.5713413928198635,0.23232975896261904,1.0
-0.5074610343098848,0.6973948471940319,0.0
-0.6694148777702973,0.9593102091520446,0.0
1.105158049618004,0.05204021741844631,0.0
-0.5011646406677777,-0.5027749604469154,1.0
0.024357567082510717,-0.8440365963496921,0.0
-1.0136686559796135,0.2260307992763855,0.0
0.4454003150946063,-0.345931914795049,1.0
0.1385920654526081,0.5389447289196829,1.0
-0.3626487061381596,0.5547125783445322,1.0
-0.512970539382589,-0.07317503705674241,1.0
0.6236378552840033,-0.030244870525211024,1.0
0.09333617519398534,0.5688836200178596,1.0
-0.4438626052266515,-0.901597234756206,0.0
-0.4870393615723862,-0.1219164482205768,1.0
0.04856088868605382,-1.1589085664451364,0.0
0.6806942834423997,-0.19737244514596905,1.0
0.052659467830543316,0.5786318826221235,1.0
-0.3129831798895133,0.91934248963439,0.0
0.9780729761153448,-0.10508971749525016,0.0
0.44561494656632505,-0.4700773005422274,1.0
0.7289453695148627,-0.5106711716896628,0.0
-0.11722072491401007,-0.9904026335240724,0.0
0.7979770025391819,-0.6376148319412309,0.0
0.16957840528535556,0.5532526530483874,1.0
-0.7886909215717703,0.7339378454923238,0.0
0.9226081185896448,0.3326769004179928,0.0
-0.7860153366602657,0.489769775522556,0.0
-0.9390152743031556,0.4548932492028298,0.0
0.6583923196384439,-0.7750417662294329,0.0
0.5494301230846389,0.43292683143367744,1.0
0.5607085509868102,-0.7787415371616974,0.0
-0.5510047801222929,-0.3614533945936357,1.0
0.4820109692132086,-0.8433213735770935,0.0
0.6996335664430375,-0.6038011873509045,0.0
0.8548643103227309,0.2375120104606316,0.0
-0.3169240765134599,0.5197359314227197,1.0
0.038516746533464125,-0.6369884155248158,1.0
-0.4540811399223011,0.8439069764318621,0.0
0.548903571349494,-0.8753259202302223,0.0
0.37984744217717936,-0.5393232503873394,1.0
-0.4929899630498201,-0.3331564244991278,1.0
-0.133377711955306,1.0479139885628883,0.0
-0.4618101417104956,-0.5661366566063202,1.0
-0.047888421744146925,-0.9755337175407884,0.0
0.8392526825856509,0.1266116756041634,0.0
-0.6530794189949068,-0.7333822391981079,0.0
0.4332275033299438,-0.33170663559761104,1.0
0.4392332903803994,1.0429010236236929,0.0
-0.5773798181108192,-0.02537432044051888,1.0
1.0428421391763731,0.3895905010990134,0.0
0.667568187502548,-0.10263435843984424,1.0
-1.0397932289397511,-0.049074720601055916,0.0
0.9187072821804514,-0.06067688812416675,0.0
-0.2381427183766652,0.5417639084117043,1.0
-0.3994018059124216,-0.8997209275636936,0.0
0.3214088611251262,0.4648706424932302,1.0
-0.9030384643537596,-0.5689451829981212,0.0
0.14650269862475107,0.8614788978545256,0.0
-0.3618390573162282,0.757794122690732,0.0
-0.6632573676286624,0.6386647070835105,0.0
0.5923285832183249,-0.8347535373684707,0.0
0.6072476980230692,-0.8931141473324677,0.0
-1.124176031394439,-0.05422149714792002,0.0
-0.6727425665726647,0.012169069654100972,1.0
-1.0632976109974508,-0.31096213113766324,0.0
0.05454573579026863,0.4659608310666974,1.0
-0.8859345033069217,-0.1628028681085646,0.0
0.3807166427492921,0.5173147093962372,1.0
0.4050207691981453,1.006073019097742,0.0
0.6570546325867976,0.7055757319370041,0.0
-0.3372072439025021,-0.4460588835380575,1.0
-1.2192987733039709,-0.013681511569599115,0.0
-0.9478559497284884,0.3918390505521918,0.0
-1.0102223405021116,-0.3375169666210516,0.0
0.959442076244998,-0.03650761489441212,0.0
-0.8160489848965434,-0.2666747353391053,0.0
0.4773951888098125,-0.06625355169113722,1.0
1.144707743330237,-0.18968817871415156,0.0
0.04336485015340565,0.9724372092585304,0.0
-0.5786098975936904,0.4397757131194789,1.0
0.137930848233418,0.4612217892769722,1.0
-0.4939817665448597,0.17268644093447116,1.0
-0.4320303580103621,0.4632611828914589,1.0
-0.6842142228756932,-0.09743111873102517,1.0
0.6156149843219242,-1.0576250339776494,0.0
1.047676787041897,-0.6732819060700783,0.0
-0.9640658317659316,0.4671845835671884,0.0
-0.1690107503878532,0.5722774535207952,1.0
0.4811630048066737,-0.94269082879775,0.0
0.2367935664579402,-0.5721872759253022,1.0
0.4477677656745379,0.976076097888791,0.0
0.17145717235372895,1.0458561196835905,0.0
-0.15415961949203866,-1.0685172968096288,0.0
0.8249940902010201,-0.30015068788590143,0.0
-0.6806889382723448,0.08957611144912606,1.0
1.0997132176025908,0.1024360807543519,0.0
-0.989081519475278,-0.3435211651595884,0.0
-0.25711200954723096,-0.862048279291915,0.0
0.8252563494262071,0.4327065139800882,0.0
-0.5790177271239424,0.6808230325856574,0.0
-0.5275063555043743,-0.9493272091844668,0.0
-0.9006604431448596,-0.6474486940376305,0.0
-0.05317482780574992,-0.4556201247456795,1.0
-0.4447646336305228,0.8183824630943053,0.0
0.5607700947837106,0.10826908791203016,1.0
-0.4478405068029623,-0.5195622040617368,1.0
-1.1157087145214828,-0.10696799864258663,0.0
-0.9308090212075932,0.4317352167234401,0.0
-0.9311034127933976,-0.2017378377924529,0.0
0.627872225706314,1.0397978840121005,0.0
-0.7959290282250122,0.1820826655877808,1.0
-0.6626627816079895,0.04659273135456493,1.0
0.3346799718365904,-0.30053278521873195,1.0
-0.10620206084781847,0.8940020359788123,0.0
0.4842159761722534,-0.4346977804668045,1.0
0.24114062904692435,0.8967598712294143,0.0
0.9119875175427462,0.4334439045809799,0.0
-0.9861959147489112,-0.2131361535720459,0.0
-0.8002014166882553,-0.7928939177913222,0.0
0.045705151763567285,-0.9839704194107582,0.0
-0.5773365823046528,-0.03174486211417593,1.0
-0.931648475125456,-0.5871663557648302,0.0
-0.1343835678997335,1.068579976659158,0.0
0.7209993009470986,-0.7171804677028732,0.0
-0.04650426712924485,-0.6203307555778041,1.0
-0.9625493120361356,0.032261791255581165,0.0
0.3946909721708625,-0.331021347952888,1.0
0.2920560119465537,0.6458398104667891,1.0
0.2410793514926671,0.2534111413059415,1.0
0.9513827849561964,0.059234286401474864,0.0
-0.651577750089552,-0.6825114754534355,0.0
0.3665385546343484,-0.5712055811002856,1.0
-0.5950136330586813,-0.5082182200772489,1.0
0.9897960343035722,-0.2493539051804714,0.0
-0.2954435979669882,-0.4275624179271463,1.0
-0.4990144523678493,0.5636567709363325,1.0
1.1116274097685852,-0.27860901969945634,0.0
-0.7353738540786454,-0.6172760333811095,0.0
0.4524365351048375,-0.1236346849869694,1.0
1.0114213475015406,-0.278378355676505,0.0
0.5042279812478152,-0.061297491071207924,1.0
-0.2485624832996669,-0.7159209742090338,1.0
-0.1901883647650684,0.9679319859328424,0.0
-0.7275526386184592,-0.8598630325974479,0.0
-0.17048773987066965,-0.6030979050633194,1.0
-0.8462860005139086,0.5496300638615452,0.0
-0.6478939128319099,-0.20614852853420507,1.0
0.020358934351576128,-1.0951127669235132,0.0
-0.5487411868023322,-1.0115470408178928,0.0
0.32723962993198363,-0.495593473576501,1.0
0.8747988657333139,0.29920146476659737,0.0
0.6648370995631074,0.1503934431378691,1.0
0.8221307705300767,-0.5790208701691397,0.0
-0.3603469496847699,0.9593215966001868,0.0
0.06704006767782325,-0.9548321062961608,0.0
0.2683431032739266,0.5904411860310597,1.0
-0.17746052390259792,-1.035820081777571,0.0
-0.027933214424664368,0.9173924660803022,0.0
-0.5045020451695186,-0.3163659424602076,1.0
-0.4900835256108929,-0.27833958331983705,1.0
-0.6756827688182062,-0.03055368613663728,1.0
-0.3737277276302549,-0.5746765306772672,1.0
0.9211886412710184,0.4366018312802311,0.0
-0.5177905964041906,0.3634717259691566,1.0
-0.09107263636028183,0.5835820737310945,1.0
-0.4700738735618135,0.33486611166762026,1.0
-0.31508551054104605,0.4757409346070864,1.0
-0.7836072560157409,0.6334772461216889,0.0
0.16601696782283076,-0.39811817279179934,1.0
-0.5323107715091533,-0.25574720384315297,1.0
-0.5742172263907681,-0.4620407662020927,1.0
0.8036924899764211,-0.4940260641388756,0.0
0.601443544872714,-0.045849459950144486,1.0
0.34609947505048605,0.004119496118008381,1.0
1.0011215151159374,-0.04606020285625967,0.0
1.0158688677057066,-0.04399282395419979,0.0
0.8801293265554004,-0.3621286413455101,0.0
0.7952204285656383,-0.7571543500150892,0.0
-0.8191524208740923,0.02295058219162365,1.0
0.3235838635469607,0.5643973330136746,1.0
-0.17777068024304662,0.6489329198533497,1.0
-0.0076852551173543235,-0.9509281690943264,0.0
-0.8674275905671307,0.3378428773775339,0.0
-0.3360854051823121,0.4905341906792876,1.0
0.5835286712141856,0.7493698156700409,0.0
0.8208061711620609,0.3270873705573695,0.0
0.4848521201506652,0.0463423568138025,1.0
-1.0490283450544506,0.08346611855277558,0.0
0.18407014937758556,-0.8617589662483579,0.0
0.8687797935880804,-0.5285496270621202,0.0
0.5042755534082812,0.5932089915675314,1.0
-0.4923221631205696,-0.17991388787448642,1.0
-0.563918406576642,0.1656211023093788,1.0
0.3817500927326206,0.19544137253666893,1.0
-0.5421053394152934,-0.7269781780496426,0.0
-0.5365336883481753,-0.8675110499890597,0.0
0.7704690553254622,0.7922659751298089,0.0
0.8321411320412149,0.16148511612694533,1.0
-0.2360935414844589,-1.029363500416946,0.0
-0.6438307954549973,0.159845198445552,1.0
-0.8912142383363134,-0.2820162286001958,0.0
0.15209476882308273,-0.5517413737531232,1.0
-0.758769845335302,0.6209729062929654,0.0
-0.3975303541213815,0.5508158779912384,1.0
-0.456112363669231,0.157886102052685,1.0
-0.6125246855988691,-0.0465952771473018,1.0
0.7645041756521661,-0.28804048215008793,0.0
-0.8932234991466551,0.4011782168886789,0.0
-0.5752596544748861,0.4275336494985287,1.0
0.2952807055087879,0.4188206146564256,1.0
0.976795676304183,0.4252385662515911,0.0
-0.3141321560035261,-0.6299370558428667,1.0
0.2926767569126205,-0.3817861326425937,1.0
0.75887499158707,0.7924394678943436,0.0
-0.009639727067071677,0.5306544489171638,1.0
-0.017476561649181068,0.589773949592895,1.0
0.4393997735978519,0.8039419667625287,0.0
-0.31864096391070185,-0.9186208623288542,0.0
0.4069454341586788,-0.045097174021816566,1.0
-0.853155665099967,-0.7720354445614926,0.0
0.5172643050161974,-0.1643412676314884,1.0
0.3920785309302044,0.5454288501334215,1.0
0.6365380886300943,0.22036138326571136,1.0
0.6142299110141579,0.14758170996186776,1.0
-0.19056771507320905,-0.8853353650542719,0.0
0.8490319087036402,-0.2344437297771552,0.0
-0.7725492162808096,-0.047033786143673165,1.0
-0.4246761083595927,0.7437947133445464,1.0
-0.9539081446784232,0.6218375641045703,0.0
-0.1843552848595523,0.4612856075750841,1.0
0.8103335587313193,-0.6513870281181505,0.0
-0.4611119587361349,0.9723203457945911,0.0
-0.38772436224896,0.4564137982990772,1.0
-0.6602474697814338,-0.08155911679322934,1.0
0.14837382140859154,0.5384217434526987,1.0
0.6611425278386931,0.2325976777251317,0.0
0.8046114276196834,0.171841049987285,0.0
0.4507026408394582,0.5970944559889259,1.0
-0.17220566133830684,-0.5740054771948675,1.0
0.8714732490438234,-0.5599210290266616,0.0
0.44505028713947997,-0.06625936740726437,1.0
0.4688113187857658,0.9930849531450744,0.0
0.14893876804592535,-0.5539170678723461,1.0
-0.4495027220726047,0.03968364338374114,1.0
-0.20609323693100096,-0.3973854641650808,1.0
-0.12053352461009352,1.1563427464333589,0.0
-0.26369698948281417,0.9911386399620784,0.0
-0.3821038814069744,0.9433992347128322,0.0
0.6575432140531539,-0.10998109239505803,1.0
-0.6960589998117046,-0.8165221229067905,0.0
-0.016865898723033183,-0.5521602506194159,1.0
-0.7520465206236794,0.5537369548592185,0.0
0.6939444942573979,-0.4373333721915742,1.0
-0.05738109681509632,0.6591911180269008,1.0
0.8494336887033727,0.5391221004514318,0.0
-0.28770802556630704,0.8886006963929278,0.0
-0.4854815445377821,0.5235392505509004,1.0
-0.5794330189304725,-0.13494432872055895,1.0
0.4900743679891897,-0.3626566211896442,1.0
0.39693730351089695,-0.5219171482370664,1.0
-0.4074177189486665,0.8932713005985018,0.0
0.4502567880139943,0.4471185178440664,1.0
-0.2917664925666745,0.8186397781035636,0.0
0.4248363464896641,-0.14936255194835085,1.0
0.2094741440156156,0.6012462247293859,1.0
0.07325868261230442,0.5386679618173522,1.0
-0.0151851205975696,0.5988191067623674,1.0
0.5272720406599928,0.8643693588649449,0.0
-0.6370415257483978,0.3405407317869551,1.0
0.08969504470855727,0.6422717108321121,1.0
-0.5617108762218983,-0.8094022935034502,0.0
0.23165799813100502,-1.051399926451609,0.0
-0.1847286695535435,-0.8074388159701529,1.0
