-5.5538,0.561013,0
-6.48494,6.3247800000000005,0
-5.7195599999999995,5.52794,0
-6.38215,5.17034,0
-6.01679,3.0775799999999998,0
-6.01846,4.7961599999999995,0
-6.01227,6.4737,0
-5.46068,5.2241800000000005,0
-5.95261,5.38285,0
-6.46936,6.76123,0
-6.1016900000000005,5.76893,0
-4.84795,5.9910000000000005,0
-5.13455,5.02859,0
-8.62973,3.38394,0
-5.67727,5.40218,0
-3.68992,3.5781099999999997,0
-4.93594,4.5944199999999995,0
-6.00821,5.42598,0
-5.5843300000000005,5.892,0
-6.46587,5.09685,0
-5.51081,3.5354099999999997,0
-5.46751,5.62884,0
-4.714180000000001,5.04396,0
-4.25315,3.8907199999999995,0
-3.03618,3.9155699999999998,0
-5.305969999999999,5.02881,0
-5.00902,6.24916,0
-5.2256,4.47079,0
-2.95128,5.12341,0
-5.89386,5.48168,0
-3.5028099999999998,4.99085,0
-4.73937,5.60602,0
-3.0144599999999997,6.69575,0
-5.55209,5.47763,0
-5.18979,6.967389999999999,0
-3.69935,6.901110000000001,0
-5.32046,1.6687,0
-6.17828,6.57676,0
-4.805619999999999,5.13304,0
-2.93172,2.82274,0
-5.56137,3.75279,0
-2.58879,7.64645,0
-7.344460000000001,5.88776,0
-3.5435199999999996,5.90599,0
-7.5448699999999995,7.498710000000001,0
-5.28389,3.48979,0
-5.89679,6.391719999999999,0
-8.203510000000001,4.0077300000000005,0
-5.2678,4.78224,0
-6.89723,5.48855,0
-5.24779,5.2983199999999995,0
-4.02118,5.09547,0
-3.76136,7.9317,0
-5.573119999999999,0.0,0
-5.78186,6.74538,0
-4.49065,5.20749,0
-5.56968,4.1766,0
-4.4040300000000006,6.19029,0
-5.26131,5.19262,0
-5.70507,6.32683,0
-5.28073,5.68546,0
-5.27156,5.35248,0
-4.86771,8.04125,0
-3.66952,3.63414,0
-6.54304,5.62981,0
-6.30769,5.04971,0
-6.59916,5.36963,0
-3.09429,4.73249,0
-5.50309,4.78656,0
-3.7504,6.4903699999999995,0
-3.5314699999999997,6.742780000000001,0
-6.67045,5.3920699999999995,0
-3.9160199999999996,5.03638,0
-6.21466,6.88665,0
-7.851389999999999,4.444719999999999,0
-5.83847,0.13531500000000002,0
-6.737589999999999,6.07469,0
-7.6174800000000005,4.70273,0
-4.27405,6.495480000000001,0
-5.2453,4.04368,0
-5.48382,5.75381,0
-3.44706,4.98879,0
-6.87776,5.13894,0
-5.2738,5.36032,0
-4.45005,6.18035,0
-5.76795,5.3109,0
-5.04493,4.81493,0
-5.6506,5.578119999999999,0
-5.8265,5.7422699999999995,0
-5.5969,5.81059,0
-6.615760000000001,6.23329,0
-5.29137,3.04255,0
-6.52524,5.31695,0
-3.4833800000000004,3.47071,0
-1.45547,5.9859,0
-4.67045,4.87731,0
-4.57665,5.617290000000001,0
-5.97334,1.85025,0
-4.80221,5.10595,0
-5.2975,5.30875,0
-6.98804,4.97824,0
-5.2809099999999995,5.99885,0
-6.24329,6.634460000000001,0
-5.6672,4.18302,0
-5.67329,5.3608400000000005,0
-6.37622,3.29395,0
-4.71013,7.168589999999999,0
-4.88565,4.28751,0
-4.77752,5.40051,0
-4.72295,6.47147,0
-3.69642,3.81129,0
-5.28199,5.3918099999999995,0
-5.56672,5.53292,0
-5.65014,5.07792,0
-6.753010000000001,5.81844,0
-3.74022,2.03395,0
-5.68839,5.81493,0
-1.8135,5.7091199999999995,0
-5.81721,4.12458,0
-5.2726,4.24509,0
-8.824010000000001,4.55835,0
-5.5990400000000005,6.31387,0
-2.6789400000000003,3.24763,0
-4.94008,4.2714099999999995,0
-4.48096,3.62735,0
-4.91782,4.68646,0
-5.2525699999999995,5.18581,0
-6.483,4.926480000000001,0
-5.19143,5.16725,0
-4.67479,8.115680000000001,0
-7.637569999999999,5.50164,0
-5.88773,6.31302,0
-5.4719,6.37919,0
-3.5278,4.09364,0
-5.7301,6.316,0
-7.01467,5.40308,0
-5.21825,4.56363,0
-6.099480000000001,6.62598,0
-5.65704,4.13131,0
-5.36179,4.12478,0
-7.1669,5.50285,0
-5.79664,5.246,0
-5.8061,6.83852,0
-4.31766,5.923690000000001,0
-4.7676,5.42981,0
-6.31029,3.46265,0
-6.65716,7.035410000000001,0
-5.26245,5.34371,0
-5.12885,5.366680000000001,0
-4.82417,4.841419999999999,0
-5.48188,4.28607,0
-3.97209,7.60843,0
-5.3550699999999996,4.88502,0
-6.27147,6.2241800000000005,0
-1.67462,5.08064,0
-5.50674,5.58007,0
-5.62181,5.39887,0
-5.78939,5.1803099999999995,0
-5.30657,5.5194,0
-5.59321,5.5276,0
-5.28225,4.03601,0
-5.98268,5.67024,0
-4.326280000000001,5.06583,0
-5.215669999999999,5.6001900000000004,0
-5.29231,5.51401,0
-4.04873,2.9500599999999997,0
-4.61871,6.7088,0
-8.03479,2.83391,0
-4.56367,7.85613,0
-5.68173,4.70178,0
-4.8754800000000005,4.56197,0
-4.37665,4.38962,0
-3.64046,7.02725,0
-3.98525,2.12563,0
-6.862489999999999,3.83379,0
-3.6310599999999997,6.06056,0
-4.81206,7.639880000000001,0
-4.81147,4.12859,0
-5.67258,5.43565,0
-5.3825199999999995,5.99903,0
-5.4347900000000005,5.307869999999999,0
-5.42517,5.6207199999999995,0
-5.76952,7.24627,0
-4.2422,6.08111,0
-5.9218,4.7502699999999995,0
-4.76371,8.45842,0
-8.73343,2.86659,0
-7.35093,6.117290000000001,0
-4.7923800000000005,5.47254,0
-5.5877099999999995,6.760669999999999,0
-5.03205,6.14842,0
-5.20155,5.41052,0
-4.6923,4.21776,0
-5.281969999999999,5.31005,0
-5.5937,5.27969,0
-4.84552,5.4670000000000005,0
-5.739330000000001,6.42887,0
-7.61598,7.67545,0
-5.85998,4.78645,0
-4.895230000000001,4.420719999999999,0
-2.256,4.71641,0
-6.1186300000000005,3.695,0
-5.676480000000001,5.18961,0
-5.03903,6.68495,0
-4.15114,5.23118,0
-5.12058,4.4585300000000005,0
-6.58172,4.97398,0
-7.8471,5.31566,0
-5.52456,6.11448,0
-5.65681,5.5370800000000004,0
-4.86158,7.84855,0
-5.6757,5.79322,0
-5.08568,5.65391,0
-5.11519,5.97548,0
-5.5023599999999995,5.229419999999999,0
-3.3735800000000005,6.22002,0
-5.78869,3.30763,0
-4.79959,9.05035,0
-5.47589,5.53221,0
-7.171189999999999,8.00101,0
-3.46775,7.696089999999999,0
-4.78386,6.9909,0
-6.454219999999999,5.53609,0
-5.60936,3.84326,0
-6.33764,5.20983,0
-5.88164,4.90121,0
-7.38612,2.59845,0
-5.7157599999999995,5.00764,0
-3.4120699999999995,5.37764,0
-5.45824,6.35544,0
-5.01696,4.39406,0
-6.23808,6.85566,0
-8.078510000000001,8.70973,0
-6.02914,3.95256,0
-6.19848,7.00055,0
-4.42593,4.70248,0
-4.7099400000000005,3.81558,0
-6.3913,5.04898,0
-6.90067,6.08782,0
-5.38507,5.50826,0
-2.71354,2.30551,0
-5.499969999999999,7.3132399999999995,0
-4.94968,5.32843,0
-4.23177,5.06238,0
-4.09216,3.1253599999999997,0
-5.3160300000000005,3.96169,0
-4.7903400000000005,7.8494399999999995,0
-5.31585,5.21197,0
-5.11001,4.0963400000000005,0
-4.339519999999999,6.43281,0
-3.7726,5.96393,0
-4.64255,7.26951,0
-6.21891,5.53619,0
-5.29181,5.32728,0
-6.11419,3.10017,0
-4.56094,4.70606,0
-4.14328,6.99436,0
-4.86069,5.45554,0
-5.40335,5.263999999999999,0
-6.07532,6.5867,0
-6.004230000000001,4.11875,0
-6.1413199999999994,5.881480000000001,0
-5.78043,5.60122,0
-7.21674,8.008469999999999,0
-5.03903,5.42108,0
-5.5378,5.63532,0
-2.58413,7.11112,0
-5.28641,5.34819,0
-6.38335,4.68211,0
-5.18446,5.21995,0
-4.66456,5.67293,0
-4.47387,6.796939999999999,0
-5.94827,6.565189999999999,0
-5.34161,5.25864,0
-6.63,4.29736,0
-5.05768,6.850169999999999,0
-6.04643,3.3942699999999997,0
-4.49294,4.83375,0
-3.27378,2.51687,0
-5.30807,4.3501900000000004,0
-5.85818,4.5588,0
-5.35093,5.14102,0
-5.20708,5.29286,0
-5.27604,5.4013,0
-7.24057,8.8012,0
-2.51788,5.14066,0
-4.19498,3.92938,0
-5.34727,5.24413,0
-4.16614,5.25841,0
-5.02538,5.29219,0
-5.53579,8.104239999999999,0
-5.360930000000001,5.429880000000001,0
-3.3295,4.53768,0
-4.72446,5.0059,0
-5.98474,4.03543,0
-4.16706,4.3261199999999995,0
-5.80564,7.1275,0
-3.6536,5.35515,0
-4.62638,4.46167,0
-5.4675199999999995,6.28456,0
-6.52619,5.57676,0
-5.33605,3.30966,0
-4.168480000000001,4.98272,0
-1.7581099999999998,6.43717,0
-5.829269999999999,5.2371099999999995,0
-4.25635,5.09255,0
-6.99348,5.06765,0
-5.36894,2.5462599999999997,0
-5.80104,6.748889999999999,0
-5.1451199999999995,6.4189300000000005,0
-4.78241,3.6537900000000003,0
-5.82124,5.70765,0
-6.727310000000001,8.62653,0
-6.283180000000001,5.87249,0
-5.5376199999999995,8.379589999999999,0
-4.6313699999999995,4.49373,0
-5.56134,4.38589,0
-4.86065,3.94023,0
-4.0730900000000005,4.72837,0
-6.85962,6.13945,0
-5.39235,5.33753,0
-4.7773900000000005,5.78198,0
-6.7965,5.945469999999999,0
-6.43197,6.8399600000000005,0
-7.01702,5.487430000000001,0
-4.5746400000000005,6.747000000000001,0
-4.93414,4.90621,0
-6.7359100000000005,4.80888,0
-3.5046800000000005,6.63125,0
-5.37743,5.310569999999999,0
-5.5419,5.56046,0
-4.6703,4.76714,0
-4.71633,4.4282,0
-5.045,4.49456,0
-3.6988199999999996,3.4470199999999998,0
-5.5031099999999995,1.89032,0
-7.77628,3.7762599999999997,0
-6.901739999999999,7.448519999999999,0
-4.45165,4.05408,0
-6.2967900000000006,5.3708800000000005,0
-5.22076,5.6527,0
-5.09198,6.08629,0
-5.54663,3.25155,0
-4.65611,3.5427,0
-5.12683,5.92545,0
-5.47359,5.4154599999999995,0
-5.63985,5.11637,0
-7.6814100000000005,6.838210000000001,0
-4.9435,5.62237,0
-4.7872900000000005,4.4686900000000005,0
-4.92941,5.38124,0
-5.09215,5.90574,0
-5.0495,4.7218599999999995,0
-6.60997,5.82587,0
-4.74503,5.447430000000001,0
-4.64165,4.39156,0
-6.44379,9.61872,0
-5.9776,4.94145,0
-5.38455,5.67128,0
-2.12445,7.571339999999999,0
-4.7497300000000005,5.52556,0
-7.159839999999999,2.34965,0
-3.9838400000000003,6.52215,0
-5.07466,2.7614900000000002,0
-4.62469,3.16661,0
-4.8030800000000005,4.50295,0
-5.50898,4.6008,0
-4.44918,5.37934,0
-5.1916,5.14805,0
-5.240480000000001,5.6864300000000005,0
-5.61905,4.90499,0
-3.7467099999999998,5.08619,0
-5.0075,2.80144,0
-7.298439999999999,6.98398,0
-4.855919999999999,4.42719,0
-3.6665300000000003,8.17207,0
-5.164540000000001,5.48286,0
-6.39959,6.896739999999999,0
-5.71906,4.43419,0
-5.67139,5.204280000000001,0
-5.1134699999999995,5.6901,0
-4.624969999999999,6.18933,0
-5.14952,5.818969999999999,0
-4.7201,5.56155,0
-6.15781,5.67068,0
-6.42451,3.24626,0
-5.3095,5.06802,0
-4.79471,6.49889,0
-4.808,4.99638,0
-5.90117,3.02873,0
-5.519340000000001,5.443309999999999,0
-6.8251800000000005,5.41501,0
-5.3832,5.00242,0
-8.4432,3.7193,0
-5.7285699999999995,5.939080000000001,0
-7.03941,5.97801,0
-5.02176,4.98024,0
-4.45739,6.5477099999999995,0
-5.035080000000001,5.1507,0
-4.39717,6.8452399999999995,0
-7.36682,3.52445,0
-5.30181,5.29866,0
-4.88124,3.6233699999999995,0
-7.65862,8.095369999999999,0
-5.99143,6.818630000000001,0
-5.61819,6.062069999999999,0
-4.08461,2.18545,0
-5.99434,5.2358400000000005,0
-5.401680000000001,5.2563699999999995,0
-3.10086,5.62357,0
-4.0422400000000005,5.94057,0
-4.7954300000000005,5.5648,0
-5.41252,5.362430000000001,0
-5.1474,5.07209,0
-5.3049800000000005,5.71456,0
-6.39377,5.20054,0
-5.53259,4.3585199999999995,0
-5.371630000000001,5.48961,0
-5.9132,3.46233,0
-4.81144,5.525119999999999,0
-4.61094,6.22436,0
-5.15191,5.2504800000000005,0
-5.30466,5.31614,0
-7.194189999999999,5.7791,0
-6.00306,5.5656099999999995,0
-4.29599,4.46415,0
-5.10154,5.331119999999999,0
-5.12035,6.568910000000001,0
-3.9245699999999997,4.35968,0
-5.2588099999999995,5.08884,0
-6.20308,5.53181,0
-4.0958,5.92708,0
-6.13159,1.33591,0
-4.8138,4.78976,0
-2.7231400000000003,4.23687,0
-5.63569,7.400989999999999,0
-5.6563099999999995,4.164280000000001,0
-5.24445,4.70822,0
-4.79778,3.9106099999999997,0
-5.31532,5.58004,0
-6.0459,3.00573,0
-6.359719999999999,3.00645,0
-7.837280000000001,5.81843,0
-4.66664,6.81013,0
-3.2820300000000002,3.21438,0
-5.2426900000000005,6.522880000000001,0
-4.71305,5.38234,0
-6.16401,2.72147,0
-5.29672,5.48039,0
-7.14013,6.21093,0
-5.32794,3.66028,0
-3.44444,5.1664900000000005,0
-5.71879,5.68079,0
-6.4422,5.245369999999999,0
-5.549919999999999,4.16129,0
-4.380330000000001,4.4014,0
-4.59906,4.89945,0
-4.89962,5.1459,0
-5.70873,5.710430000000001,0
-5.5745,5.67132,0
-5.282030000000001,5.2475,0
-5.37895,5.21315,0
-7.560039999999999,3.4171400000000003,0
-5.203530000000001,5.20892,0
-5.06228,4.45055,0
-7.277939999999999,4.09406,0
-4.76551,6.60435,0
-5.3989400000000005,6.40181,0
-4.03026,2.6774,0
-5.3301099999999995,5.95552,0
-3.53251,3.5226900000000003,0
-6.28395,2.80071,0
-7.1171,7.41743,0
-4.96436,4.97018,0
-6.20757,6.395569999999999,0
-5.19256,4.93503,0
-3.06222,3.7745699999999998,0
-8.383519999999999,4.00044,0
-8.60342,7.35705,0
-4.9896400000000005,5.91564,0
-5.3049,5.4551300000000005,0
-3.16273,6.26175,0
-5.986759999999999,8.1314,0
-4.88851,5.5755099999999995,0
-7.144189999999999,4.28085,0
-5.42467,5.61549,0
-6.04129,5.68044,0
-5.12412,5.73745,0
-7.524830000000001,6.29485,0
-5.28161,5.3406400000000005,0
-7.98411,6.684710000000001,0
-7.6611,6.6746,0
-5.77629,8.63058,0
-7.34072,9.43131,0
-3.8893800000000005,5.1673599999999995,0
-5.6851,4.43234,0
-6.79058,2.1987099999999997,0
-3.3831,7.25243,0
-5.13545,4.13553,0
-5.4812,6.35804,0
-5.5967400000000005,5.37409,0
-4.50515,10.0,0
-7.3181199999999995,4.34666,0
-5.34753,5.0900099999999995,0
-8.24591,3.62265,0
-4.379630000000001,5.7354,0
-5.46246,5.47205,0
-4.69616,5.70766,0
-6.54775,4.11913,0
-5.48341,5.161630000000001,0
-5.22635,5.1677800000000005,0
-7.840260000000001,2.80582,0
-5.25779,4.64985,0
-7.51987,3.03863,0
-7.0339,3.93695,0
-6.97898,3.65561,0
-5.02369,3.14266,0
-6.16531,3.6399,0
-7.59801,5.41252,0
-4.44723,8.54128,0
-4.84029,5.5046800000000005,0
-5.10274,5.5338400000000005,0
-6.0406,4.3729,0
-6.77924,3.11402,0
-5.96491,6.10358,0
-5.6384099999999995,5.4426,0
-5.2807900000000005,5.06864,0
-5.49187,7.0736,0
-6.43465,3.55416,0
-4.15561,5.28017,0
-4.63934,4.66791,0
-5.23784,5.2622599999999995,0
-6.322769999999999,1.52752,0
-7.43745,5.517,0
-5.2138,5.087940000000001,0
-6.0454300000000005,6.97045,0
-4.39968,3.32968,0
-4.98407,4.325880000000001,0
-6.93651,6.985989999999999,0
-5.95819,5.11946,0
-5.46978,5.24906,0
-6.1660699999999995,2.4878400000000003,0
-7.09145,3.69191,0
-4.54548,5.96068,0
-4.55004,4.6607199999999995,0
-5.66484,3.83805,0
-4.94725,4.95708,0
-4.34713,5.97386,0
-5.93635,4.81682,0
-5.01915,6.0838,0
-6.23082,5.95025,0
-5.2823199999999995,5.8701099999999995,0
-7.3665899999999995,3.84984,0
-7.6910300000000005,8.49356,0
-5.04675,6.12694,0
-5.35653,5.6008,0
-4.83491,0.652457,0
-5.6033599999999995,5.20416,0
-7.49678,6.56601,0
-6.30685,5.478619999999999,0
-3.45151,3.4776300000000004,0
-4.845,6.7203,0
-4.4075,6.14089,0
-4.18045,2.96665,0
-5.2085300000000005,5.70956,0
-6.1810599999999996,4.62878,0
-7.63333,4.449269999999999,0
-4.5146,3.3357,0
-3.6881699999999995,7.9008199999999995,0
-5.98789,4.682869999999999,0
-4.75114,3.0498,0
-5.389819999999999,5.34797,0
-5.76165,5.66286,0
-7.35605,5.75459,0
-5.50283,6.02305,0
-3.09667,7.6443,0
-5.33345,6.4167,0
-4.4406300000000005,5.4687,0
-5.38008,6.01641,0
-5.7523599999999995,4.64445,0
-6.75137,3.3982900000000003,0
-5.19142,3.7733800000000004,0
-6.13039,4.5858099999999995,0
-4.70221,4.51224,0
-3.9937300000000002,2.6138,0
-5.191269999999999,5.406969999999999,0
-4.76083,5.82924,0
-6.27259,5.8221099999999995,0
-2.75135,6.560239999999999,0
-3.4151599999999998,2.73535,0
-3.4177400000000002,6.9558800000000005,0
-5.76229,6.0663599999999995,0
-5.3327599999999995,5.74429,0
-5.26694,5.81856,0
-5.60726,9.04849,0
-5.4701,4.981330000000001,0
-5.07651,5.68233,0
-5.23459,4.2605699999999995,0
-4.8141,6.66078,0
-7.432810000000001,7.22635,0
-4.97427,3.1404400000000003,0
-8.494439999999999,7.2088399999999995,0
-6.01446,5.01609,0
-5.4063099999999995,5.12991,0
-5.4985,3.87216,0
-5.418740000000001,5.97513,0
-6.099480000000001,6.75512,0
-5.19011,4.28233,0
-4.34817,3.45109,0
-6.36235,4.014469999999999,0
-5.72328,5.38788,0
-5.485519999999999,7.94447,0
-5.04395,3.9018300000000004,0
-4.16434,7.8255300000000005,0
-3.18701,5.37226,0
-5.34627,5.26187,0
-5.57236,6.03554,0
-6.33838,6.06525,0
-5.16239,4.68056,0
-6.6376,7.2645,0
-2.47377,3.4277,0
-5.30042,5.34474,0
-5.76891,5.65355,0
-5.30345,4.74226,0
-4.8285800000000005,4.4764800000000005,0
-4.812930000000001,4.0117199999999995,0
-5.82794,6.69875,0
-6.8435,9.12767,0
-6.06367,6.34415,0
-5.8327,5.62692,0
-7.4441,3.44049,0
-5.64469,5.00702,0
-3.4314400000000003,6.864669999999999,0
-6.52314,6.64715,0
-5.370830000000001,5.33294,0
-6.71583,4.63185,0
-5.56736,7.209919999999999,0
-5.67724,3.8276199999999996,0
-3.3853699999999995,8.10709,0
-5.58779,2.10109,0
-5.8455900000000005,6.59415,0
-5.7311,5.43666,0
-5.24964,6.58247,0
-6.9652,4.537669999999999,0
-4.32126,4.89721,0
-5.32381,3.73549,0
-5.41725,5.26379,0
-4.29162,5.2338,0
-3.9769900000000002,7.696289999999999,0
-4.999280000000001,3.91635,0
-5.74017,8.03156,0
-5.30954,5.2689900000000005,0
-7.115530000000001,5.51293,0
-3.49148,8.028360000000001,0
-5.13502,5.67735,0
-5.73948,5.31661,0
-5.20391,5.24937,0
-4.48043,4.90944,0
-7.585780000000001,8.713239999999999,0
-7.36533,4.75354,0
-3.93793,1.5897,0
-5.25703,5.32186,0
-5.943919999999999,5.86954,0
-5.3093699999999995,5.6418099999999995,0
-5.7728,5.46995,0
-4.52752,4.3301300000000005,0
-4.60665,6.18861,0
-4.3086199999999995,5.58028,0
-3.43994,6.72691,0
-5.96186,4.0639,0
-6.27799,7.436,0
-5.277080000000001,5.233140000000001,0
-5.4656199999999995,4.7904,0
-3.12772,6.182930000000001,0
-5.73631,5.29634,0
-5.8628800000000005,4.28011,0
-5.272069999999999,5.26141,0
-5.74172,6.69597,0
-5.69647,1.40804,0
-5.24222,4.72476,0
-4.9802599999999995,4.93286,0
-5.98696,4.00906,0
-6.52966,5.23829,0
-5.64539,3.5999199999999996,0
-6.4941699999999996,6.45395,0
-7.81826,4.91319,0
-4.395,5.86299,0
-5.76284,5.131419999999999,0
-7.39463,5.32244,0
-7.21175,4.8531699999999995,0
-5.2372,5.60321,0
-4.722569999999999,4.47077,0
-4.80088,1.7841,0
-6.95708,4.63318,0
-5.56449,5.98211,0
-5.03136,5.353,0
-4.687880000000001,5.87035,0
-5.663880000000001,4.848330000000001,0
-3.33544,4.55291,0
-4.35305,4.27226,0
-3.56746,6.445930000000001,0
-4.98112,5.21488,0
-6.823180000000001,5.8834800000000005,0
-5.31993,6.4675400000000005,0
-6.06225,4.14431,0
-4.57592,5.37372,0
-5.30069,5.38006,0
-5.49988,5.53966,0
-4.991709999999999,5.85711,0
-3.96162,6.09425,0
-5.549259999999999,5.26777,0
-5.8838099999999995,5.64283,0
-4.163209999999999,4.00289,0
-6.48498,4.43288,0
-3.8727699999999996,6.86742,0
-5.0334,4.81191,0
-5.7405800000000005,6.40613,0
-3.73535,4.10578,0
-3.82964,0.773349,0
-8.39568,4.790830000000001,0
-3.18716,1.29589,0
-6.16258,5.02375,0
-5.86141,5.0964599999999995,0
-6.46575,3.5899,0
-3.6440900000000003,5.55697,0
-7.09727,4.0814,0
-4.12365,6.11301,0
-5.25082,5.346080000000001,0
-5.43778,5.51708,0
-3.42755,3.5356400000000003,0
-5.67255,5.34783,0
-5.73245,5.1071,0
-4.05762,5.22415,0
-5.12068,4.6904,0
-5.62939,4.80572,0
-2.54343,4.016859999999999,0
-6.69532,8.62534,0
-6.33628,6.51626,0
-5.31124,5.4958599999999995,0
-5.42919,4.86838,0
-3.74894,5.65808,0
-5.6793,4.1264199999999995,0
-5.25379,5.31348,0
-5.03638,4.95576,0
-5.74707,5.07501,0
-6.54836,1.88009,0
-3.73852,4.36448,0
-6.0329,4.87427,0
-5.20067,5.38588,0
-5.6948099999999995,5.2016800000000005,0
-4.47734,5.764959999999999,0
-7.28822,7.09215,0
-8.55103,5.71862,0
-3.7143699999999997,6.14714,0
-6.48353,4.84455,0
-4.21615,7.30129,0
-4.89911,5.32217,0
-5.5477099999999995,5.17619,0
-3.87661,2.86132,0
-5.152909999999999,4.969469999999999,0
-5.04145,6.571160000000001,0
-5.34743,5.040430000000001,0
-6.946439999999999,6.785810000000001,0
-5.526590000000001,5.16688,0
-5.07646,5.96951,0
-4.86869,5.42868,0
-6.63802,3.8472699999999995,0
-2.7210400000000003,6.27839,0
-4.59457,4.8346599999999995,0
-6.83789,8.19537,0
-5.547969999999999,6.1329,0
-5.51152,5.146780000000001,0
-5.5907,2.1276,0
-5.63656,4.83244,0
-3.07021,3.05361,0
-5.3545,5.6172699999999995,0
-5.670319999999999,6.6407,0
-4.60105,5.139480000000001,0
-4.613580000000001,6.00345,0
-5.6504,7.72801,0
-5.51326,4.37526,0
-6.59443,6.679810000000001,0
-4.01825,6.40771,0
-4.56423,7.76762,0
-2.91952,2.93808,0
-4.65971,4.67253,0
-7.595339999999999,4.95875,0
-7.23176,5.65165,0
-5.18951,5.3949,0
-5.97366,5.19369,0
-5.410480000000001,6.17274,0
-5.68645,6.07989,0
-7.8684899999999995,5.768269999999999,0
-2.14437,5.07295,0
-4.27161,4.78819,0
-4.507630000000001,5.932169999999999,0
-5.58994,5.019340000000001,0
-5.3057300000000005,5.22931,0
-7.158289999999999,1.56482,0
-5.80909,8.05521,0
-3.26455,5.72919,0
-2.80845,6.82,0
-6.16565,5.61983,0
-5.04793,5.99934,0
-3.6025699999999996,7.0147,0
-4.23436,4.75345,0
-5.62904,6.7519800000000005,0
-5.27308,4.7884199999999995,0
-5.3668,3.22622,0
-6.13424,4.47896,0
-4.415,5.53934,0
-4.4122900000000005,6.75057,0
-3.93855,6.6434,0
-3.83874,5.277019999999999,0
-5.88425,6.07071,0
-2.32175,5.59085,0
-8.561810000000001,1.7318099999999998,0
-5.35401,5.83765,0
-6.8868,4.42161,0
-5.33596,5.24212,0
-6.03142,4.40864,0
-3.7543300000000004,9.25319,0
-5.10393,6.5084800000000005,0
-5.20904,5.25317,0
-7.38484,6.726489999999999,0
-3.81809,3.8222400000000003,0
-5.3022800000000005,5.24317,0
-5.454680000000001,6.52072,0
-6.74971,9.02421,0
-7.46316,9.55258,0
-5.221480000000001,5.85478,0
-5.652080000000001,5.1046,0
-5.56104,1.79118,0
-4.86755,4.9799,0
-6.99033,6.0897,0
-6.72382,6.6912199999999995,0
-4.80026,5.86867,0
-4.79491,5.202780000000001,0
-2.12529,6.91506,0
-3.47019,3.6372400000000003,0
-6.21362,5.77954,0
-5.52171,5.1619,0
-4.0994,4.51879,0
-5.100230000000001,6.93652,0
-5.72433,5.2359599999999995,0
-5.731380000000001,4.69953,0
-4.4099699999999995,6.5892,0
-1.5008299999999999,6.986560000000001,0
-5.87329,7.844460000000001,0
-5.27163,7.43055,0
-7.060630000000001,4.6742,0
-3.79175,5.3962699999999995,0
-5.31099,5.45368,0
-4.73896,5.8601,0
-6.5135,4.651330000000001,0
-6.87512,7.5648100000000005,0
-6.03193,5.87094,0
-5.26428,5.4589300000000005,0
-5.36068,6.16214,0
-5.24924,5.45559,0
-5.09448,7.94862,0
-5.53089,5.67174,0
-5.66903,5.55599,0
-5.03139,5.19388,0
-6.22679,4.40726,0
-5.18313,5.74615,0
-4.7009,5.9600599999999995,0
-4.97958,3.7103,0
-6.18197,6.889130000000001,0
-5.20978,6.32704,0
-5.664280000000001,8.30689,0
-3.49243,4.41407,0
-4.982069999999999,3.3955699999999998,0
-5.2303,5.00479,0
-7.0392399999999995,3.18712,0
-4.394880000000001,4.8091,0
-5.552230000000001,8.05793,0
-6.34437,8.39744,0
-5.07791,4.9409,0
-5.26464,5.42531,0
-7.53396,7.0751100000000005,0
-5.37255,5.1343,0
-5.34012,5.31554,0
-7.16269,3.5513,0
-5.63828,5.79663,0
-5.229830000000001,5.25387,0
-5.40827,5.50712,0
-3.10685,5.10351,0
-5.50028,4.86076,0
-4.77611,5.24566,0
-6.45592,5.508719999999999,0
-4.41465,8.09963,0
-4.93688,6.64842,0
4.43048,-8.84116,1
6.58201,-8.24039,1
8.33421,-7.00621,1
8.787980000000001,-4.42901,1
2.7783599999999997,-8.13919,1
4.67325,-8.61307,1
8.05932,-2.98449,1
1.38049,-6.12514,1
2.32986,-2.10949,1
8.69134,-4.67668,1
7.012689999999999,-1.7678900000000002,1
4.55283,-8.64359,1
4.74702,-8.85551,1
6.05031,-8.52011,1
1.3663100000000001,-4.42769,1
7.73251,-7.71201,1
6.32353,-8.3615,1
4.7508300000000006,-8.82686,1
8.37705,-6.896660000000001,1
3.42372,-1.53315,1
5.880319999999999,-1.47892,1
3.98069,-8.5937,1
7.78613,-2.58416,1
6.615239999999999,-1.64612,1
3.5493900000000003,-1.44646,1
1.2772,-6.1658,1
3.35144,-8.390830000000001,1
7.2998,-8.25457,1
1.43394,-3.75118,1
1.89999,-2.87765,1
6.125,-1.17361,1
8.31253,-3.34668,1
8.71753,-4.43727,1
8.0191,-7.069839999999999,1
6.934639999999999,-1.5448899999999999,1
7.92892,-2.61056,1
3.3228800000000005,-8.32596,1
5.05163,-1.23813,1
6.770010000000001,-8.46226,1
6.74383,-8.3719,1
6.6472,-8.53561,1
7.5686100000000005,-2.42212,1
6.945189999999999,-8.25371,1
1.42479,-5.6238,1
2.5713,-8.095460000000001,1
5.804209999999999,-8.57431,1
1.90762,-2.67433,1
2.52645,-1.8890200000000001,1
3.20523,-1.64494,1
1.47726,-3.6766300000000003,1
8.23829,-2.9971,1
6.94089,-8.475010000000001,1
8.61795,-6.10709,1
6.09932,-8.68937,1
6.29545,-8.367389999999999,1
1.59722,-3.47068,1
8.85271,-4.42093,1
1.45441,-3.6753099999999996,1
2.70304,-1.9928700000000001,1
1.23875,-4.3467199999999995,1
2.01756,-2.8718,1
7.50292,-2.36456,1
8.29588,-3.17075,1
3.06205,-8.06659,1
8.745619999999999,-4.39651,1
7.31981,-7.91335,1
8.3899,-6.87741,1
4.24338,-1.4742,1
7.36597,-8.09319,1
1.79075,-6.89353,1
6.00555,-8.7484,1
5.39386,-1.4211,1
2.57228,-7.730519999999999,1
1.1178299999999999,-4.5959900000000005,1
3.23007,-8.28088,1
1.2535399999999999,-3.7275199999999997,1
1.8605,-2.654,1
2.2452900000000002,-7.371389999999999,1
8.55368,-6.26401,1
6.80381,-8.282760000000001,1
3.7465,-8.65743,1
1.18444,-5.0342400000000005,1
6.52908,-1.71922,1
4.5652,-8.69457,1
5.85847,-8.71602,1
1.43678,-4.05134,1
6.999460000000001,-8.051810000000001,1
1.7598,-7.06578,1
8.33089,-6.74023,1
2.19865,-7.3479399999999995,1
7.16927,-1.99721,1
1.79646,-6.971239999999999,1
2.9662900000000003,-1.6423299999999998,1
6.9328199999999995,-8.076310000000001,1
1.33917,-4.55344,1
7.10084,-8.14365,1
1.7579099999999999,-6.8860399999999995,1
6.57485,-8.51259,1
2.88735,-8.31542,1
1.43822,-3.8621,1
1.4696200000000001,-4.13503,1
1.15211,-4.41374,1
2.76646,-8.06836,1
3.44472,-8.52545,1
8.77315,-5.73644,1
1.90545,-7.028689999999999,1
6.5529,-1.4209,1
4.6694,-1.40602,1
6.96508,-1.8973200000000001,1
1.50104,-3.94432,1
3.7660199999999997,-8.57735,1
8.52085,-6.10162,1
7.655889999999999,-7.50338,1
1.47821,-3.65418,1
6.57533,-8.45043,1
4.88933,-8.9611,1
6.929880000000001,-1.5824799999999999,1
2.99779,-8.19239,1
1.3443200000000002,-5.9547300000000005,1
3.03823,-8.39152,1
7.99412,-2.83541,1
1.33244,-5.6342099999999995,1
4.652769999999999,-8.95316,1
8.39344,-3.46161,1
8.5543,-3.8479900000000002,1
6.86181,-1.57965,1
8.69708,-4.24041,1
4.78984,-1.1547399999999999,1
7.482,-2.00146,1
1.2148700000000001,-5.74129,1
1.23158,-4.866680000000001,1
2.6531700000000003,-8.13065,1
8.26946,-7.21502,1
3.3289999999999997,-1.4179700000000002,1
8.20761,-6.77694,1
8.95599,-4.75493,1
4.53423,-1.2657100000000001,1
5.35772,-8.87771,1
2.0154,-7.17927,1
2.03443,-7.31117,1
1.39434,-5.326280000000001,1
8.073369999999999,-6.92767,1
6.02217,-1.31433,1
1.16785,-3.89241,1
7.49913,-2.14315,1
4.1010800000000005,-1.19123,1
8.64372,-5.00433,1
4.1039699999999995,-8.50502,1
6.74137,-1.7219900000000001,1
3.8945300000000005,-8.555589999999999,1
1.0511700000000002,-5.04424,1
1.4358799999999998,-3.1867900000000002,1
1.20488,-5.535769999999999,1
6.95032,-1.9267299999999998,1
7.28543,-1.8264099999999999,1
3.4679900000000004,-1.5345,1
5.5838,-1.0494,1
6.10646,-8.77261,1
6.882810000000001,-8.52863,1
5.80084,-1.23234,1
8.00745,-2.7856799999999997,1
5.15017,-1.02644,1
8.61764,-3.3736800000000002,1
1.84739,-6.861860000000001,1
8.749310000000001,-6.393759999999999,1
4.71844,-1.21107,1
4.06013,-1.45886,1
6.15121,-8.54833,1
7.530539999999999,-2.15543,1
5.39198,-8.9109,1
2.4717,-2.1652400000000003,1
8.873660000000001,-4.4686,1
8.33182,-7.038469999999999,1
8.04097,-7.42358,1
3.76264,-1.39021,1
2.67067,-2.03228,1
1.43204,-3.6879,1
3.62506,-1.57061,1
1.26211,-3.66729,1
3.8954800000000005,-8.633189999999999,1
1.44759,-6.39561,1
3.96069,-8.688360000000001,1
5.44576,-1.17462,1
5.30248,-1.13663,1
8.63037,-5.34226,1
6.21356,-8.76447,1
1.36106,-4.63589,1
2.03348,-7.301760000000001,1
5.1992199999999995,-8.68667,1
5.66376,-1.1743299999999999,1
1.39679,-4.18281,1
4.10964,-1.21171,1
1.93875,-7.462260000000001,1
8.63803,-4.5906,1
3.3570800000000003,-1.51614,1
1.4987,-3.34026,1
1.1711799999999999,-3.98634,1
8.46054,-3.7104800000000004,1
8.43182,-6.47938,1
1.0854,-5.65158,1
4.316730000000001,-8.67817,1
6.37774,-1.3544,1
8.776110000000001,-3.93255,1
2.58357,-1.90895,1
7.22935,-8.2969,1
7.83391,-7.4844800000000005,1
8.6138,-3.83334,1
7.07693,-2.04418,1
6.9528,-8.261519999999999,1
6.62904,-1.7590599999999998,1
8.85697,-4.942069999999999,1
2.59655,-7.81928,1
8.48749,-6.7921,1
7.86915,-7.1832899999999995,1
7.542910000000001,-2.3612599999999997,1
7.648569999999999,-2.42734,1
2.38457,-2.46759,1
3.39183,-1.5313700000000001,1
6.20025,-8.47285,1
4.884580000000001,-8.79164,1
1.24973,-3.7109,1
4.48807,-8.95226,1
5.0031,-8.94153,1
5.14444,-1.40041,1
7.92702,-2.5327599999999997,1
1.91572,-2.50608,1
8.23188,-6.759510000000001,1
8.948830000000001,-4.99983,1
8.75794,-5.3429,1
2.10658,-2.63899,1
8.14713,-7.224639999999999,1
4.09874,-8.53151,1
4.3924199999999995,-8.62631,1
2.9502,-8.0432,1
8.60559,-5.82995,1
6.89082,-1.9245299999999999,1
6.37107,-1.39376,1
5.84986,-1.40818,1
1.5343799999999999,-3.6352,1
8.83507,-4.96306,1
4.32482,-8.767999999999999,1
2.05729,-7.16455,1
1.51991,-6.8718699999999995,1
4.89075,-1.10138,1
4.5723400000000005,-8.731110000000001,1
1.6972,-3.09729,1
7.81612,-2.49498,1
8.87359,-5.60355,1
8.243039999999999,-3.18604,1
8.21045,-6.99188,1
4.22435,-1.2805,1
7.02221,-1.7824400000000002,1
7.480569999999999,-2.0137,1
4.10349,-8.59548,1
5.60524,-8.72498,1
8.510489999999999,-4.18731,1
8.61945,-4.89341,1
7.72585,-7.67148,1
1.29915,-5.15562,1
1.5599399999999999,-6.1174800000000005,1
8.393469999999999,-2.99942,1
7.455939999999999,-8.0702,1
4.09965,-1.24611,1
5.21159,-8.76602,1
2.6931599999999998,-8.00738,1
1.71695,-7.14779,1
2.9149599999999998,-8.219289999999999,1
5.11733,-1.0424200000000001,1
7.96604,-2.70155,1
1.14585,-5.7567900000000005,1
1.15543,-4.63345,1
6.66713,-1.62135,1
6.08885,-8.7664,1
7.454860000000001,-2.10955,1
8.86409,-5.19987,1
8.86365,-4.71106,1
8.39537,-2.9868799999999998,1
3.3138199999999998,-8.54778,1
3.55128,-1.5687200000000001,1
1.76122,-7.218210000000001,1
8.76798,-4.58309,1
1.70366,-6.54305,1
6.27681,-1.62496,1
3.82595,-1.20535,1
6.79327,-1.4656799999999999,1
3.34709,-1.50728,1
1.13347,-5.7686,1
7.99413,-2.65446,1
2.4861,-8.03916,1
8.32708,-6.78003,1
3.6755199999999997,-1.5902,1
2.98912,-1.8244099999999999,1
1.16594,-4.12916,1
1.15116,-4.43538,1
8.55526,-3.72235,1
5.87988,-8.85411,1
2.72209,-1.9075799999999998,1
4.23959,-1.25529,1
6.72907,-8.44,1
1.3967100000000001,-5.5723400000000005,1
5.25632,-8.98578,1
8.70229,-4.54995,1
2.36554,-2.3169,1
3.80691,-1.3391,1
8.96406,-5.06053,1
5.67854,-8.81715,1
1.98757,-2.8831599999999997,1
8.48419,-6.14889,1
1.51281,-6.149430000000001,1
7.99747,-2.6045700000000003,1
8.27924,-2.7652200000000002,1
5.22206,-8.82974,1
1.5584799999999999,-6.67788,1
2.69828,-2.03647,1
4.43475,-1.15056,1
5.7661,-1.18086,1
4.87218,-1.33864,1
3.4156199999999997,-1.7443400000000002,1
1.7015,-2.9066099999999997,1
2.1108700000000002,-2.66012,1
8.06241,-7.02867,1
3.1890400000000003,-1.81388,1
1.19923,-4.54551,1
8.36345,-3.525,1
8.29444,-3.35097,1
2.78779,-1.69071,1
2.28035,-2.19956,1
8.88407,-5.36724,1
8.80982,-5.3110599999999994,1
8.25803,-7.2648,1
3.3152699999999995,-8.22035,1
5.35721,-1.3593,1
2.21718,-7.824260000000001,1
3.4257,-8.30745,1
8.27469,-7.280760000000001,1
8.33586,-3.2820199999999997,1
7.705839999999999,-7.89831,1
2.78967,-1.94452,1
6.53625,-1.3286799999999999,1
8.776539999999999,-4.76698,1
1.37776,-4.0370099999999995,1
5.49909,-8.819930000000001,1
1.60369,-6.814439999999999,1
8.4891,-3.7426699999999995,1
7.04409,-1.99699,1
1.9711400000000001,-7.07855,1
1.27443,-4.62845,1
1.59532,-3.395,1
8.34872,-3.1364799999999997,1
4.71514,-8.6805,1
4.087269999999999,-1.18079,1
8.65185,-4.32744,1
1.21201,-5.72802,1
1.17256,-4.76369,1
2.28558,-2.33623,1
4.18914,-1.13077,1
4.8878900000000005,-1.19292,1
6.58098,-1.39473,1
2.1629400000000003,-7.42241,1
8.0584,-2.52829,1
4.82315,-1.3719299999999999,1
8.57748,-6.22735,1
3.63174,-1.2825,1
6.58867,-8.25344,1
1.44951,-6.09218,1
1.00263,-4.856269999999999,1
4.63564,-8.83038,1
6.60239,-1.58723,1
5.2968,-8.61765,1
6.22543,-1.24696,1
5.799919999999999,-8.724110000000001,1
5.72801,-1.30079,1
7.595280000000001,-2.09876,1
7.28257,-1.9182,1
8.78791,-5.67622,1
1.6581700000000001,-3.21814,1
2.18371,-2.38656,1
8.18544,-3.2547,1
4.1462900000000005,-1.31734,1
1.41335,-5.85658,1
3.91214,-8.59981,1
4.86459,-8.8965,1
4.46235,-1.33117,1
4.3029,-1.20461,1
2.20085,-2.30705,1
2.05822,-7.4832600000000005,1
6.41058,-1.30122,1
8.51243,-3.55435,1
1.7072,-3.10478,1
1.49538,-3.11773,1
8.8208,-4.85568,1
1.54915,-3.41345,1
6.5429,-1.40572,1
6.11456,-8.59817,1
5.90889,-1.2621,1
8.91739,-5.38814,1
8.37348,-2.94119,1
8.02003,-7.359939999999999,1
8.63139,-4.248469999999999,1
8.06193,-7.0661,1
4.50522,-8.76193,1
6.09741,-8.79213,1
8.04049,-7.5399,1
3.39095,-8.34262,1
4.79415,-8.74186,1
1.76078,-6.601039999999999,1
8.336110000000001,-7.0303,1
8.02145,-7.418830000000001,1
2.60941,-7.710369999999999,1
8.87552,-5.09175,1
2.22432,-7.82567,1
1.98492,-7.5267100000000005,1
3.78073,-1.31329,1
2.7673,-2.05797,1
1.23059,-5.480119999999999,1
1.28401,-3.58031,1
1.79383,-3.13763,1
8.79317,-5.16449,1
1.6224399999999999,-3.5880099999999997,1
1.3043200000000001,-6.3322,1
6.02123,-1.21144,1
7.10692,-2.05424,1
2.41361,-2.3738799999999998,1
6.166919999999999,-8.6466,1
4.5475900000000005,-8.71428,1
1.25821,-5.3089900000000005,1
3.20953,-1.4591399999999999,1
7.10418,-8.04411,1
8.71988,-4.96965,1
5.11116,-8.753210000000001,1
4.75413,-1.38198,1
4.14867,-1.22604,1
1.9677900000000002,-7.40424,1
8.63619,-3.5525900000000004,1
8.292539999999999,-3.2868800000000005,1
5.39152,-8.73527,1
5.08259,-8.98386,1
8.203289999999999,-7.27022,1
2.42044,-7.684639999999999,1
7.71633,-7.57153,1
1.37145,-6.09702,1
8.51415,-6.61676,1
3.60506,-1.6791099999999999,1
1.01643,-4.86278,1
7.927010000000001,-2.8222099999999997,1
1.16258,-4.5164,1
8.66463,-5.64418,1
3.01483,-1.7861599999999997,1
8.68412,-6.03631,1
1.20397,-4.93982,1
8.46797,-6.776269999999999,1
8.56841,-6.797969999999999,1
4.3115,-8.6165,1
8.0805,-7.027819999999999,1
8.30302,-3.07424,1
3.4218800000000003,-8.44267,1
8.02148,-7.005089999999999,1
1.3801,-4.66849,1
8.68998,-3.50313,1
8.37992,-6.76655,1
5.83419,-8.834060000000001,1
6.82,-8.215119999999999,1
8.47818,-3.1515,1
8.67084,-5.26759,1
7.69238,-2.08639,1
6.004569999999999,-1.1807,1
3.9249400000000003,-1.51829,1
7.11417,-8.13381,1
8.6089,-6.1927900000000005,1
3.62888,-1.40553,1
1.26778,-4.3855,1
8.73939,-5.13155,1
6.841819999999999,-1.5933,1
5.085430000000001,-1.13876,1
4.47427,-8.86111,1
5.19206,-1.00545,1
1.7398,-7.24578,1
5.8036900000000005,-1.3846100000000001,1
8.795160000000001,-3.7740099999999996,1
1.15927,-4.17948,1
2.77408,-7.98814,1
3.17105,-8.115910000000001,1
3.80499,-1.54111,1
6.43968,-8.300469999999999,1
3.8740699999999997,-8.44989,1
3.5869999999999997,-1.28551,1
5.32105,-1.06473,1
1.1145100000000001,-4.3932400000000005,1
6.15926,-1.40021,1
8.32756,-6.73402,1
3.4984599999999997,-1.34328,1
8.797410000000001,-5.9687,1
5.83943,-8.69656,1
1.00261,-5.12519,1
4.895519999999999,-1.04577,1
8.373439999999999,-3.6152599999999997,1
4.30103,-8.57658,1
7.10122,-1.77762,1
3.51137,-8.39701,1
1.9414099999999999,-2.74145,1
1.18439,-6.01767,1
4.746519999999999,-1.16505,1
1.64294,-3.048,1
2.99342,-1.59641,1
7.48866,-2.15475,1
1.72482,-2.94407,1
3.36136,-1.5402799999999999,1
8.607489999999999,-5.87714,1
1.7790599999999999,-3.29302,1
5.33774,-8.6791,1
1.8504900000000002,-2.80868,1
6.613339999999999,-1.67588,1
1.4581,-5.71476,1
8.010019999999999,-7.623189999999999,1
8.7342,-4.29865,1
5.35152,-1.05864,1
3.9421,-1.17756,1
1.30487,-5.0900099999999995,1
4.2339199999999995,-8.558810000000001,1
2.1996,-7.34577,1
4.71609,-8.70156,1
8.51468,-5.83839,1
2.42408,-2.4314,1
1.41052,-5.36271,1
4.0002,-8.66532,1
2.01539,-7.4175,1
8.75318,-5.28432,1
1.8223900000000002,-3.02237,1
8.9736,-4.68846,1
8.66746,-5.919230000000001,1
8.88747,-4.21389,1
1.08354,-4.88443,1
3.43037,-1.6964599999999999,1
1.459,-6.58482,1
3.7245699999999995,-1.22433,1
6.74472,-1.4802600000000001,1
6.88998,-8.10322,1
6.74947,-1.7027599999999998,1
1.41301,-3.4635199999999995,1
7.04933,-1.92029,1
1.2035,-4.819030000000001,1
8.96499,-5.46589,1
6.54195,-1.4864600000000001,1
7.63192,-2.3787,1
4.974069999999999,-8.810030000000001,1
1.6610099999999999,-3.3722300000000005,1
8.63711,-4.0535,1
7.35313,-7.87063,1
7.718089999999999,-2.13705,1
7.958889999999999,-2.85397,1
2.3841099999999997,-2.19322,1
3.55986,-1.39097,1
5.91982,-1.5013299999999998,1
1.2891700000000001,-4.980090000000001,1
7.3341,-7.8302,1
5.30966,-8.59633,1
1.5570700000000002,-6.31439,1
5.8417699999999995,-1.4510100000000001,1
2.74361,-8.20266,1
1.97331,-2.57993,1
1.1968299999999998,-4.88012,1
8.83264,-5.83975,1
4.86079,-8.64184,1
7.7768,-7.3660000000000005,1
1.08212,-4.7668099999999995,1
2.67556,-7.83155,1
3.98825,-1.49177,1
7.85486,-7.2854600000000005,1
2.43268,-1.93822,1
5.91984,-1.21745,1
5.75133,-1.45965,1
7.06418,-8.326789999999999,1
6.00551,-1.31665,1
1.1144399999999999,-5.58442,1
1.7179400000000002,-6.509930000000001,1
7.56544,-7.6203899999999996,1
7.268269999999999,-2.15099,1
8.488439999999999,-6.81636,1
5.51049,-1.14907,1
3.12535,-8.325460000000001,1
1.37525,-6.22802,1
5.61521,-1.23837,1
5.12448,-8.85688,1
1.8778400000000002,-7.21992,1
1.1506100000000001,-5.76454,1
2.4455,-2.43044,1
1.31574,-6.37878,1
1.18731,-4.88341,1
4.4933,-1.11535,1
8.508460000000001,-6.28342,1
1.2291299999999998,-5.96419,1
8.036480000000001,-2.82163,1
7.5148399999999995,-2.1324799999999997,1
2.79264,-8.07126,1
4.73989,-8.61042,1
8.36967,-3.01749,1
3.00779,-8.130510000000001,1
4.03823,-1.4272,1
4.4547300000000005,-1.27904,1
7.194610000000001,-8.262,1
2.0870599999999997,-2.7979,1
3.91828,-1.48771,1
7.72377,-2.6072599999999997,1
2.80645,-8.0767,1
1.28964,-5.07395,1
2.8745,-8.353760000000001,1
6.34347,-1.29009,1
7.802510000000001,-7.28662,1
3.5584300000000004,-1.54033,1
7.6592199999999995,-7.50771,1
5.83515,-8.56655,1
8.772730000000001,-4.71868,1
2.73075,-8.2097,1
5.51433,-8.70243,1
8.92216,-5.27411,1
1.21017,-4.68795,1
7.8485,-2.2333,1
2.3912400000000003,-2.42592,1
6.03126,-8.58192,1
3.67129,-8.68319,1
1.97827,-7.19015,1
6.63198,-8.3393,1
8.70995,-3.8999699999999997,1
8.88462,-4.1512199999999995,1
3.6727300000000005,-8.4334,1
2.51992,-7.701560000000001,1
1.4547299999999999,-6.29359,1
7.66586,-7.9323,1
3.3057300000000005,-8.6057,1
6.6895,-1.60012,1
7.04373,-8.0295,1
6.89807,-8.14316,1
6.3291900000000005,-1.23781,1
1.3234700000000001,-4.3787199999999995,1
4.84271,-8.61621,1
2.58547,-1.9635900000000002,1
6.778980000000001,-1.7572,1
2.81074,-7.92897,1
8.724089999999999,-6.15891,1
1.30352,-3.70471,1
1.46951,-5.92476,1
6.9508,-1.83696,1
1.86952,-2.96957,1
2.98055,-1.94418,1
4.08584,-1.3161200000000002,1
3.8678199999999996,-1.57544,1
1.15059,-6.029380000000001,1
1.53914,-3.6369300000000004,1
8.52528,-3.57217,1
6.48578,-1.55785,1
2.69936,-7.824319999999999,1
8.712819999999999,-3.68534,1
7.63017,-7.75957,1
3.30433,-8.185989999999999,1
6.5029699999999995,-8.53936,1
4.51233,-1.3466200000000002,1
2.83311,-7.924460000000001,1
5.0464199999999995,-8.82785,1
4.46382,-8.59202,1
4.79223,-1.0101,1
7.21593,-1.78223,1
8.63857,-3.57243,1
8.43293,-3.6996599999999997,1
3.79596,-1.2947799999999998,1
6.54098,-1.6861099999999998,1
2.31651,-2.40272,1
8.78989,-4.3758300000000006,1
1.03215,-4.65031,1
8.39799,-7.020460000000001,1
1.68623,-3.5189800000000004,1
8.43487,-3.11435,1
1.24395,-4.89725,1
6.30158,-1.32016,1
8.656130000000001,-4.45332,1
1.0564200000000001,-4.70657,1
4.64405,-7.40073,2
5.98875,-7.025239999999999,2
7.083880000000001,-6.2538800000000005,2
7.367489999999999,-4.64313,2
3.6114699999999997,-6.961989999999999,2
4.795780000000001,-7.25817,2
6.9120800000000004,-3.74031,2
2.7378099999999996,-5.70322,2
3.3311599999999997,-3.1934299999999998,2
7.30709,-4.79793,2
6.25793,-2.97993,2
4.72052,-7.277239999999999,2
4.84189,-7.4097,2
5.65644,-7.200069999999999,2
2.72894,-4.64231,2
6.70782,-6.695,2
5.82721,-7.10094,2
4.84427,-7.391789999999999,2
7.11066,-6.18541,2
4.01483,-2.8332200000000003,2
5.5502,-2.7993200000000003,2
4.36293,-7.246060000000001,2
6.7413300000000005,-3.4901,2
6.009530000000001,-2.90383,2
4.093369999999999,-2.77904,2
2.67325,-5.72863,2
3.96965,-7.119269999999999,2
6.43738,-7.034110000000001,2
2.77121,-4.21949,2
3.06249,-3.6735300000000004,2
5.703119999999999,-2.60851,2
7.07033,-3.9666699999999997,2
7.323460000000001,-4.6483,2
6.88693,-6.29365,2
6.20915,-2.84056,2
6.83058,-3.5066,2
3.9518,-7.07872,2
5.03227,-2.64883,2
6.10626,-7.1639100000000004,2
6.0899,-7.1074399999999995,2
6.0295,-7.20976,2
6.60538,-3.3888300000000005,2
6.21574,-7.03357,2
2.7654900000000002,-5.389869999999999,2
3.4820599999999997,-6.934660000000001,2
5.50263,-7.23395,2
3.0672599999999997,-3.5464599999999997,2
3.4540300000000004,-3.0556400000000004,2
3.8782699999999997,-2.90309,2
2.79829,-4.1729,2
7.02393,-3.74819,2
6.21306,-7.171880000000001,2
7.26122,-5.69193,2
5.68708,-7.305860000000001,2
5.80966,-7.10462,2
2.8732599999999997,-4.044169999999999,2
7.40795,-4.63808,2
2.78401,-4.17207,2
3.5644,-3.12054,2
2.64922,-4.5917,2
3.13597,-3.6698800000000005,2
6.56433,-3.35285,2
7.05992,-3.8567199999999997,2
3.7887800000000005,-6.91662,2
7.341010000000001,-4.62282,2
6.44988,-6.82084,2
7.118689999999999,-6.17338,2
4.5271099999999995,-2.79638,2
6.4787300000000005,-6.93324,2
2.99422,-6.18346,2
5.62847,-7.34275,2
5.24616,-2.7631900000000003,2
3.4826699999999997,-6.706580000000001,2
2.57365,-4.74749,2
3.89379,-7.05055,2
2.65846,-4.2047,2
3.03781,-3.53375,2
3.27831,-6.48212,2
7.22105,-5.79001,2
6.1273800000000005,-7.0517199999999995,2
4.216559999999999,-7.2859,2
2.61528,-5.0214,2
5.95568,-2.94951,2
4.72825,-7.30911,2
5.5365400000000005,-7.32251,2
2.77299,-4.40709,2
6.2496599999999995,-6.90738,2
2.97487,-6.29111,2
7.081810000000001,-6.08764,2
3.24915,-6.46746,2
6.3558,-3.12325,2
2.99778,-6.2320199999999994,2
3.72893,-2.9014599999999997,2
6.20801,-6.922689999999999,2
2.71198,-4.7209,2
6.31303,-6.96478,2
2.97369,-6.178780000000001,2
5.98428,-7.19537,2
3.67959,-7.0721300000000005,2
2.77389,-4.28881,2
2.79351,-4.45939,2
2.59507,-4.63359,2
3.6040400000000004,-6.917730000000001,2
4.02795,-7.203410000000001,2
7.358219999999999,-5.4602699999999995,2
3.0659099999999997,-6.267930000000001,2
5.97056,-2.76306,2
4.7933699999999995,-2.7537599999999998,2
6.22818,-3.06082,2
2.81315,-4.3402,2
4.22876,-7.23584,2
7.2005300000000005,-5.68851,2
6.65993,-6.564610000000001,2
2.79888,-4.15886,2
5.98458,-7.1565199999999995,2
4.93083,-7.475689999999999,2
6.206169999999999,-2.86405,2
3.74862,-6.99525,2
2.7152,-5.59671,2
3.7739,-7.1197,2
6.87132,-3.64713,2
2.70778,-5.396380000000001,2
4.78298,-7.4707300000000005,2
7.1209,-4.03851,2
7.221439999999999,-4.27999,2
6.16363,-2.8622799999999997,2
7.31067,-4.52526,2
4.86865,-2.59671,2
6.55125,-3.1259099999999997,2
2.63429,-5.46331,2
2.64474,-4.91667,2
3.53323,-6.95666,2
7.043410000000001,-6.38439,2
3.95563,-2.76123,2
7.00475,-6.11059,2
7.47249,-4.846830000000001,2
4.70889,-2.66607,2
5.22357,-7.42357,2
3.13462,-6.36204,2
3.14652,-6.44448,2
2.74646,-5.203930000000001,2
6.92085,-6.20479,2
5.63886,-2.6964599999999996,2
2.60491,-4.30776,2
6.561960000000001,-3.21447,2
4.4381699999999995,-2.61952,2
7.27732,-5.0027099999999995,2
4.43998,-7.190639999999999,2
6.08836,-2.9512400000000003,2
4.309080000000001,-7.22225,2
2.53198,-5.02765,2
2.77242,-3.86674,2
2.62805,-5.33486,2
6.21895,-3.07921,2
6.42839,-3.01651,2
4.04249,-2.83407,2
5.36488,-2.53087,2
5.69154,-7.357880000000001,2
6.17676,-7.2053899999999995,2
5.50053,-2.64521,2
6.87966,-3.61605,2
5.09386,-2.51652,2
7.261019999999999,-3.98355,2
3.02962,-6.16366,2
7.343319999999999,-5.8711,2
4.82402,-2.63192,2
4.41258,-2.7867900000000003,2
5.71951,-7.21771,2
6.581589999999999,-3.22214,2
5.2449900000000005,-7.444310000000001,2
3.41981,-3.22827,2
7.42103,-4.66788,2
7.082389999999999,-6.27404,2
6.90061,-6.51474,2
4.22665,-2.74388,2
3.54417,-3.14518,2
2.7700299999999998,-4.17994,2
4.14066,-2.85663,2
2.66382,-4.16705,2
4.30968,-7.270739999999999,2
2.7797400000000003,-5.87226,2
4.35043,-7.305219999999999,2
5.2786,-2.60914,2
5.18905,-2.5853900000000003,2
7.26898,-5.21391,2
5.75847,-7.35279,2
2.72566,-4.77243,2
3.1459200000000003,-6.4386,2
5.12451,-7.30417,2
5.41485,-2.6089599999999997,2
2.74799,-4.48926,2
4.44353,-2.63232,2
3.08672,-6.53891,2
7.27377,-4.74412,2
3.97318,-2.82259,2
2.81169,-3.96266,2
2.60699,-4.36646,2
7.162839999999999,-4.19405,2
7.144880000000001,-5.9246099999999995,2
2.5533799999999998,-5.40724,2
4.57296,-7.29885,2
5.86109,-2.7215,2
7.3600699999999994,-4.33285,2
3.48973,-3.06809,2
6.39334,-7.060560000000001,2
6.77119,-6.5528,2
7.25863,-4.27084,2
6.298080000000001,-3.1526099999999997,2
6.2205,-7.03845,2
6.01815,-2.9744200000000003,2
7.4106,-4.96379,2
3.49784,-6.76205,2
7.17968,-6.12007,2
6.79322,-6.36455,2
6.58932,-3.3507800000000003,2
6.655360000000001,-3.39209,2
3.36536,-3.41725,2
3.9948900000000003,-2.8321099999999997,2
5.75015,-7.17053,2
4.9278699999999995,-7.36977,2
2.6560799999999998,-4.19431,2
4.68005,-7.470160000000001,2
5.00194,-7.46345,2
5.090269999999999,-2.75026,2
6.829389999999999,-3.4579699999999995,2
3.07232,-3.4413,2
7.0199300000000004,-6.09969,2
7.46802,-4.9999,2
7.3487100000000005,-5.21431,2
3.19162,-3.52437,2
6.96695,-6.3904,2
4.43671,-7.2072,2
4.62026,-7.26645,2
3.71887,-6.902,2
7.253489999999999,-5.51872,2
6.18176,-3.07783,2
5.85692,-2.7461,2
5.53116,-2.7551099999999997,2
2.83399,-4.147,2
7.39692,-4.97691,2
4.57801,-7.355,2
3.1608,-6.3528400000000005,2
2.8249400000000002,-6.169919999999999,2
4.931719999999999,-2.56337,2
4.73271,-7.3319399999999995,2
2.93575,-3.81081,2
6.76007,-3.43436,2
7.42099,-5.3772199999999994,2
7.0269,-3.86628,2
7.006530000000001,-6.24493,2
4.515219999999999,-2.6753099999999996,2
6.26388,-2.98903,2
6.5503599999999995,-3.1335599999999997,2
4.43968,-7.24718,2
5.37828,-7.328119999999999,2
7.19406,-4.49207,2
7.262160000000001,-4.9333800000000005,2
6.70366,-6.66967,2
2.68697,-5.0972599999999995,2
2.84996,-5.69843,2
7.12092,-3.7496400000000003,2
6.53496,-6.918880000000001,2
4.43728,-2.65382,2
5.13225,-7.35376,2
3.5582300000000004,-6.8796100000000004,2
2.9481,-6.34237,2
3.69685,-7.012060000000001,2
5.07333,-2.52652,2
6.85378,-3.5634699999999997,2
2.59115,-5.473,2
2.59715,-4.77091,2
6.04195,-2.8883400000000004,2
5.68053,-7.354,2
6.53429,-3.19347,2
7.41506,-5.1249199999999995,2
7.41478,-4.8194099999999995,2
7.12211,-3.7418,2
3.94614,-7.21736,2
4.09455,-2.85545,2
2.9757599999999997,-6.38638,2
7.354989999999999,-4.7394300000000005,2
2.9397900000000003,-5.9644,2
5.79801,-2.8906,2
4.26622,-2.62834,2
6.1208,-2.79105,2
3.9669300000000005,-2.81705,2
2.5834200000000003,-5.48038,2
6.87133,-3.53404,2
3.4288199999999995,-6.8994800000000005,2
7.07942,-6.11252,2
4.1722,-2.86888,2
3.7432,-3.01526,2
2.60371,-4.45573,2
2.59448,-4.64711,2
7.22204,-4.20147,2
5.549930000000001,-7.4088199999999995,2
3.5763,-3.06724,2
4.52474,-2.65956,2
6.08067,-7.15,2
2.7479400000000003,-5.35771,2
5.1602,-7.491110000000001,2
7.31393,-4.718719999999999,2
3.3534599999999997,-3.32306,2
4.25432,-2.7119400000000002,2
7.477539999999999,-5.0378300000000005,2
5.4240900000000005,-7.38572,2
3.1172299999999997,-3.67697,2
7.17762,-5.7180599999999995,2
2.82051,-5.71839,2
6.873419999999999,-3.5028599999999996,2
7.04953,-3.6032599999999997,2
5.13879,-7.39359,2
2.84905,-6.04868,2
3.5614199999999996,-3.14779,2
4.646719999999999,-2.5941,2
5.47881,-2.6130400000000003,2
4.92011,-2.71165,2
4.00976,-2.96521,2
2.93844,-3.6916300000000004,2
3.19429,-3.5375699999999997,2
6.91401,-6.267919999999999,2
3.86815,-3.00868,2
2.62452,-4.71595,2
7.1021600000000005,-4.078119999999999,2
7.059019999999999,-3.96936,2
3.6173699999999998,-2.93169,2
3.3002199999999995,-3.24972,2
7.42755,-5.22952,2
7.381139999999999,-5.1944099999999995,2
7.03627,-6.4155,2
3.94705,-7.01272,2
5.22326,-2.72456,2
3.26074,-6.765160000000001,2
4.0160599999999995,-7.06716,2
7.04668,-6.42547,2
7.084910000000001,-3.9262599999999996,2
6.69115,-6.811439999999999,2
3.61855,-3.09032,2
5.96015,-2.70543,2
7.36033,-4.85436,2
2.7361,-4.39813,2
5.31193,-7.38745,2
2.87731,-6.13402,2
7.180689999999999,-4.214169999999999,2
6.27756,-3.12312,2
3.10696,-6.2990900000000005,2
2.67152,-4.76778,2
2.87208,-3.9968800000000004,2
7.09295,-3.8353,2
4.82196,-7.3003100000000005,2
4.42955,-2.61299,2
7.2824100000000005,-4.57965,2
2.63251,-5.45501,2
2.60785,-4.8523,2
3.3034800000000004,-3.33514,2
4.4932099999999995,-2.58173,2
4.929930000000001,-2.62058,2
5.988119999999999,-2.7467099999999998,2
3.22684,-6.513999999999999,2
6.9115,-3.4551800000000004,2
4.889469999999999,-2.7324599999999997,2
7.235930000000001,-5.7670900000000005,2
4.14484,-2.67656,2
5.99292,-7.0334,2
2.78094,-5.6826099999999995,2
2.50164,-4.91017,2
4.77227,-7.39399,2
6.0015,-2.86702,2
5.1855,-7.26103,2
5.76589,-2.65435,2
5.49995,-7.32757,2
5.45501,-2.68799,2
6.62205,-3.18673,2
6.4266,-3.07388,2
7.367439999999999,-5.42264,2
2.91135,-3.88634,2
3.23982,-3.3666,2
6.9909,-3.90919,2
4.46643,-2.69833,2
2.75834,-5.53536,2
4.32009,-7.24988,2
4.915369999999999,-7.43531,2
4.66397,-2.7069799999999997,2
4.56431,-2.6278799999999998,2
3.25053,-3.31691,2
3.1613900000000004,-6.55204,2
5.88162,-2.68827,2
7.19527,-4.09647,2
2.9419999999999997,-3.81549,2
2.8096099999999997,-3.82358,2
7.388,-4.9098,2
2.84322,-4.0084,2
5.96432,-2.75357,2
5.6966,-7.2488600000000005,2
5.56806,-2.66381,2
7.44837,-5.24259,2
7.10842,-3.7132400000000003,2
6.887519999999999,-6.47496,2
7.26962,-4.53029,2
6.913710000000001,-6.29131,2
4.69076,-7.3512,2
5.68588,-7.370080000000001,2
6.9003,-6.587439999999999,2
3.9943400000000002,-7.0891399999999996,2
4.87134,-7.338660000000001,2
4.85762,-5.9602900000000005,3
5.3955,-5.8101,3
5.83355,-5.50155,3
5.94699,-4.85725,3
4.44459,-5.7848,3
4.91831,-5.90327,3
5.76483,-4.4961199999999995,3
4.09512,-5.28129,3
4.33246,-4.2773699999999995,3
5.92283,-4.919169999999999,3
5.50317,-4.1919699999999995,3
4.88821,-5.9109,3
4.93675,-5.9638800000000005,3
5.262580000000001,-5.8800300000000005,3
4.09158,-4.85692,3
5.68313,-5.678,3
5.3308800000000005,-5.840380000000001,3
4.93771,-5.95671,3
5.84426,-5.4741599999999995,3
4.60593,-4.133290000000001,3
5.22008,-4.119730000000001,3
4.74517,-5.89842,3
5.69653,-4.39604,3
5.40381,-4.16153,3
4.63735,-4.111619999999999,3
4.0693,-5.29145,3
4.58786,-5.84771,3
5.57495,-5.81364,3
4.10849,-4.6878,3
4.225,-4.46941,3
5.28125,-4.0434,3
5.828130000000001,-4.58667,3
5.92938,-4.859319999999999,3
5.75477,-5.51746,3
5.4836599999999995,-4.13622,3
5.73223,-4.40264,3
4.5807199999999995,-5.8314900000000005,3
5.01291,-4.0595300000000005,3
5.4425,-5.86557,3
5.43596,-5.842969999999999,3
5.4118,-5.8839,3
5.64215,-4.35553,3
5.4863,-5.81343,3
4.1062,-5.15595,3
4.39283,-5.77387,3
5.20105,-5.89358,3
4.2269,-4.41858,3
4.38161,-4.2222599999999995,3
4.55131,-4.16124,3
4.11932,-4.66916,3
5.80957,-4.499280000000001,3
5.48522,-5.86875,3
5.90449,-5.27677,3
5.274830000000001,-5.92234,3
5.32386,-5.84185,3
4.14931,-4.6176699999999995,3
5.96318,-4.855230000000001,3
4.1136,-4.668830000000001,3
4.4257599999999995,-4.24822,3
4.05969,-4.83668,3
4.25439,-4.46795,3
5.62573,-4.34114,3
5.82397,-4.54269,3
4.51551,-5.76665,3
5.9364,-4.849130000000001,3
5.57995,-5.72834,3
5.84748,-5.46935,3
4.81085,-4.11855,3
5.59149,-5.7733,3
4.197690000000001,-5.473380000000001,3
5.25139,-5.9371,3
5.09846,-4.10527,3
4.39307,-5.6826300000000005,3
4.02946,-4.899,3
4.557519999999999,-5.82022,3
4.06339,-4.6818800000000005,3
4.21512,-4.4135,3
4.311319999999999,-5.59285,3
5.88842,-5.316,3
5.45095,-5.82069,3
4.68662,-5.91436,3
4.04611,-5.00856,3
5.38227,-4.1798,3
4.8913,-5.92364,3
5.21462,-5.928999999999999,3
4.10919,-4.76283,3
5.49987,-5.76295,3
4.18995,-5.51644,3
5.83272,-5.43506,3
4.29966,-5.58699,3
5.54232,-4.2493,3
4.19911,-5.4928099999999995,3
4.491569999999999,-4.16058,3
5.48321,-5.769080000000001,3
4.08479,-4.88836,3
5.5252099999999995,-5.785909999999999,3
4.1894800000000005,-5.471509999999999,3
5.39371,-5.87815,3
4.47184,-5.82885,3
4.10955,-4.71552,3
4.1174,-4.78376,3
4.03803,-4.85343,3
4.4416199999999995,-5.7670900000000005,3
4.61118,-5.88136,3
5.94329,-5.1841099999999996,3
4.22636,-5.5071699999999995,3
5.38822,-4.105230000000001,3
4.91735,-4.10151,3
5.49127,-4.22433,3
4.12526,-4.73608,3
4.6915,-5.894340000000001,3
5.88021,-5.2754,3
5.66397,-5.62584,3
4.11955,-4.66354,3
5.39383,-5.86261,3
4.97233,-5.99028,3
5.482469999999999,-4.14562,3
4.49945,-5.7981,3
4.08608,-5.2386800000000004,3
4.50956,-5.84788,3
5.748530000000001,-4.45885,3
4.08311,-5.15855,3
4.91319,-5.98829,3
5.84836,-4.6154,3
5.88858,-4.712,3
5.46545,-4.144909999999999,3
5.92427,-4.8101,3
4.9474599999999995,-4.03869,3
5.6205,-4.25036,3
4.053719999999999,-5.18532,3
4.05789,-4.96667,3
4.41329,-5.78266,3
5.81736,-5.55376,3
4.58225,-4.10449,3
5.8019,-5.44423,3
5.989,-4.9387300000000005,3
4.88356,-4.06643,3
5.08943,-5.96943,3
4.25385,-5.54482,3
4.25861,-5.57779,3
4.09859,-5.08157,3
5.76834,-5.48192,3
5.25554,-4.0785800000000005,3
4.0419599999999996,-4.7231,3
5.62478,-4.28579,3
4.77527,-4.04781,3
5.9109300000000005,-5.00108,3
4.77599,-5.87625,3
5.43534,-4.1805,3
4.72363,-5.8889,3
4.01279,-5.01106,3
4.108969999999999,-4.5467,3
4.05122,-5.13394,3
5.48758,-4.23168,3
5.571359999999999,-4.2066,3
4.617,-4.13363,3
5.14595,-4.01235,3
5.27661,-5.94315,3
5.4707,-5.88216,3
5.20021,-4.05809,3
5.75186,-4.44642,3
5.03754,-4.00661,3
5.9044099999999995,-4.59342,3
4.21185,-5.46546,3
5.93733,-5.34844,3
4.92961,-4.05277,3
4.76503,-4.114719999999999,3
5.2878,-5.88708,3
5.63264,-4.28886,3
5.098,-5.97773,3
4.36792,-4.29131,3
5.9684099999999995,-4.86715,3
5.83296,-5.50962,3
5.7602400000000005,-5.6059,3
4.69066,-4.09755,3
4.417669999999999,-4.25807,3
4.10801,-4.6719800000000005,3
4.65627,-4.14265,3
4.06553,-4.6668199999999995,3
4.72387,-5.9083,3
4.1119,-5.3489,3
4.74017,-5.92209,3
5.11144,-4.04366,3
5.07562,-4.03416,3
5.90759,-5.08557,3
5.30339,-5.94112,3
4.090269999999999,-4.90897,3
4.258369999999999,-5.57544,3
5.04981,-5.92167,3
5.16594,-4.04358,3
4.0992,-4.7957,3
4.77741,-4.05293,3
4.2346900000000005,-5.615559999999999,3
5.90951,-4.89765,3
4.58927,-4.12903,3
4.124680000000001,-4.58507,3
4.04279,-4.746580000000001,3
5.865130000000001,-4.67762,3
5.85795,-5.36984,3
4.02135,-5.16289,3
4.82918,-5.9195400000000005,3
5.34443,-4.0886,3
5.944030000000001,-4.733140000000001,3
4.3958900000000005,-4.22724,3
5.55734,-5.8242199999999995,3
5.708480000000001,-5.6211199999999995,3
5.90345,-4.70834,3
5.51923,-4.26105,3
5.4882,-5.81538,3
5.40726,-4.189769999999999,3
5.96424,-4.985519999999999,3
4.39914,-5.70482,3
5.8718699999999995,-5.44803,3
5.71729,-5.54582,3
5.635730000000001,-4.34031,3
5.66214,-4.35683,3
4.34614,-4.3669,3
4.59796,-4.13284,3
5.30006,-5.8682099999999995,3
4.97115,-5.94791,3
4.06243,-4.67773,3
4.87202,-5.98807,3
5.000769999999999,-5.98538,3
5.03611,-4.1001,3
5.7317599999999995,-4.38319,3
4.22893,-4.376519999999999,3
5.80797,-5.4398800000000005,3
5.98721,-4.99996,3
5.9394800000000005,-5.08573,3
4.27665,-4.40975,3
5.78678,-5.55616,3
4.77468,-5.88288,3
4.8481,-5.90658,3
4.48755,-5.7608,3
5.9014,-5.20749,3
5.47271,-4.23113,3
5.34277,-4.09844,3
5.21246,-4.102040000000001,3
4.1336,-4.6588,3
5.9587699999999995,-4.9907699999999995,3
4.8312,-5.942,3
4.26432,-5.54114,3
4.129980000000001,-5.467969999999999,3
4.97269,-4.02535,3
4.89308,-5.93278,3
4.1743,-4.5243199999999995,3
5.70403,-4.37375,3
5.9684,-5.15089,3
5.81076,-4.54651,3
5.80261,-5.49797,3
4.80609,-4.070119999999999,3
5.50555,-4.19561,3
5.62014,-4.253419999999999,3
4.775869999999999,-5.89887,3
5.15131,-5.93125,3
5.877619999999999,-4.79683,3
5.90486,-4.97335,3
5.6814599999999995,-5.66787,3
4.07479,-5.03891,3
4.13998,-5.27937,3
5.84837,-4.49985,3
5.613980000000001,-5.76755,3
4.77491,-4.06153,3
5.0529,-5.94151,3
4.42329,-5.7518400000000005,3
4.17924,-5.53695,3
4.47874,-5.804819999999999,3
5.02933,-4.01061,3
5.74151,-4.42539,3
4.03646,-5.1892,3
4.73524,4.73524,4
4.74538,4.73554,4
4.7555,4.73646,4
4.765569999999999,4.73797,4
4.77555,4.7401,4
4.785419999999999,4.74282,4
4.79516,4.7461400000000005,4
4.80473,4.75005,4
4.8141099999999994,4.75454,4
4.8232800000000005,4.7596,4
4.83221,4.76523,4
4.84087,4.77142,4
4.84924,4.77815,4
4.85729,4.78541,4
4.86499,4.79318,4
4.87234,4.80146,4
4.87929,4.810230000000001,4
4.88584,4.81948,4
4.89195,4.82918,4
4.89761,4.83931,4
4.90279,4.84987,4
4.9074800000000005,4.8608199999999995,4
4.91165,4.87215,4
4.91529,4.88385,4
4.9183900000000005,4.8958699999999995,4
4.92091,4.9082099999999995,4
4.92286,4.92084,4
4.9242,4.93374,4
4.92494,4.94688,4
4.92505,4.96023,4
4.92453,4.97377,4
4.92336,4.987480000000001,4
4.921530000000001,5.00133,4
4.91903,5.015280000000001,4
4.9158599999999995,5.029319999999999,4
4.9120099999999995,5.04341,4
4.90747,5.057519999999999,4
4.90224,5.07164,4
4.89631,5.085719999999999,4
4.88969,5.09974,4
4.88236,5.11367,4
4.87434,5.12748,4
4.86561,5.14114,4
4.85619,5.1546199999999995,4
4.846080000000001,5.16789,4
4.8352699999999995,5.1809199999999995,4
4.82379,5.19369,4
4.81162,5.20616,4
4.798780000000001,5.2183,4
4.78529,5.230090000000001,4
4.77114,5.24149,4
4.75635,5.25248,4
4.74094,5.2630300000000005,4
4.7249099999999995,5.27312,4
4.70828,5.2827,4
4.69107,5.29177,4
4.67329,5.30028,4
4.65496,5.3082199999999995,4
4.6361,5.31556,4
4.6167300000000004,5.32228,4
4.5968599999999995,5.32834,4
4.57653,5.33374,4
4.55576,5.33844,4
4.53456,5.34242,4
4.51297,5.34566,4
4.4910000000000005,5.34815,4
4.46868,5.34986,4
4.44605,5.35078,4
4.4231300000000005,5.35088,4
4.39994,5.35015,4
4.376530000000001,5.34858,4
4.3529,5.34615,4
4.32911,5.34284,4
4.30518,5.33866,4
4.28113,5.33357,4
4.25702,5.32758,4
4.23285,5.32067,4
4.20868,5.3128400000000005,4
4.1845300000000005,5.30408,4
4.16044,5.29438,4
4.13644,5.28374,4
4.11257,5.2721599999999995,4
4.0888599999999995,5.25964,4
4.06535,5.246169999999999,4
4.04208,5.2317599999999995,4
4.01907,5.2164,4
3.9963699999999998,5.20011,4
3.97401,5.18289,4
3.9520199999999996,5.1647300000000005,4
3.93045,5.1456599999999995,4
3.9093199999999997,5.1256699999999995,4
3.8886800000000004,5.10478,4
3.86856,5.083,4
3.84899,5.06034,4
3.83,5.03682,4
3.81164,5.01245,4
3.79394,4.98725,4
3.7769199999999996,4.9612300000000005,4
3.7606300000000004,4.934419999999999,4
3.7450900000000003,4.90683,4
3.73034,4.878480000000001,4
3.7164099999999998,4.84941,4
3.7033300000000002,4.81962,4
3.6911199999999997,4.78915,4
3.6798300000000004,4.758030000000001,4
3.6694699999999996,4.72628,4
3.6600699999999997,4.693919999999999,4
3.6516699999999997,4.6610000000000005,4
3.64428,4.62753,4
3.63794,4.59356,4
3.63266,4.5591099999999996,4
3.6284699999999996,4.52421,4
3.6253900000000003,4.48891,4
3.6234300000000004,4.4532300000000005,4
3.6226300000000005,4.4172199999999995,4
3.623,4.38091,4
3.62456,4.34434,4
3.62731,4.30754,4
3.6312800000000003,4.27056,4
3.6364900000000002,4.23344,4
3.6429300000000002,4.196219999999999,4
3.6506199999999995,4.158930000000001,4
3.6595800000000005,4.121630000000001,4
3.66981,4.08435,4
3.68131,4.04714,4
3.6941,4.01003,4
3.7081699999999995,3.9730800000000004,4
3.7235300000000002,3.93632,4
3.7401699999999996,3.89981,4
3.7581,3.8635800000000002,4
3.7773199999999996,3.8276800000000004,4
3.7978199999999998,3.79216,4
3.8195900000000003,3.75705,4
3.84263,3.72241,4
3.8669300000000004,3.6882800000000002,4
3.89249,3.6547,4
3.91928,3.62172,4
3.94729,3.5893900000000003,4
3.97652,3.5577300000000003,4
4.00694,3.52681,4
4.03854,3.49666,4
4.0713,3.4673300000000005,4
4.10519,3.43886,4
4.1402,3.41128,4
4.1763,3.38465,4
4.2134599999999995,3.359,4
4.25167,3.3343800000000003,4
4.2908800000000005,3.31081,4
4.33108,3.28835,4
4.3722199999999996,3.26702,4
4.414280000000001,3.24687,4
4.45723,3.2279299999999997,4
4.50103,3.21024,4
4.545640000000001,3.19382,4
4.591019999999999,3.17872,4
4.6371400000000005,3.1649700000000003,4
4.68396,3.15259,4
4.7314300000000005,3.14161,4
4.77951,3.13207,4
4.82817,3.12398,4
4.87734,3.11738,4
4.927,3.1122900000000002,4
4.9770900000000005,3.10873,4
5.02756,3.1067299999999998,4
5.07837,3.1063,4
5.12946,3.1074599999999997,4
5.1808,3.11023,4
5.23232,3.11462,4
5.28397,3.12065,4
5.33571,3.12832,4
5.3874699999999995,3.13766,4
5.43922,3.14867,4
5.490880000000001,3.16135,4
5.54242,3.1757,4
5.59377,3.19175,4
5.644880000000001,3.20948,4
5.69569,3.2288900000000003,4
5.74615,3.24998,4
5.796209999999999,3.27276,4
5.84581,3.2972099999999998,4
5.894880000000001,3.32332,4
5.94339,3.3511,4
5.99126,3.3805099999999997,4
6.03845,3.4115699999999998,4
6.08491,3.44424,4
6.13057,3.47851,4
6.1753800000000005,3.51436,4
6.21929,3.5517800000000004,4
6.26224,3.5907400000000003,4
6.304180000000001,3.63122,4
6.34507,3.67319,4
6.38483,3.71662,4
6.42344,3.76148,4
6.4608300000000005,3.80776,4
6.49695,3.8554,4
6.53176,3.90438,4
6.56522,3.95466,4
6.59726,4.0062,4
6.62785,4.05896,4
6.65694,4.11291,4
6.684489999999999,4.1679900000000005,4
6.71045,4.2241800000000005,4
6.734789999999999,4.28141,4
6.757460000000001,4.33964,4
6.77844,4.39883,4
6.79767,4.45892,4
6.81513,4.5198599999999995,4
6.830769999999999,4.5816,4
6.8445800000000006,4.64409,4
6.856510000000001,4.707269999999999,4
6.86655,4.77108,4
6.87465,4.83547,4
6.8808,4.90037,4
6.8849800000000005,4.96574,4
6.88715,5.0315,4
6.88731,5.0976,4
6.88542,5.1639800000000005,4
6.881489999999999,5.23056,4
6.8754800000000005,5.2973,4
6.8674,5.36411,4
6.85722,5.43095,4
6.844939999999999,5.497730000000001,4
6.83056,5.56441,4
6.81407,5.6309,4
6.79546,5.69715,4
6.77475,5.76308,4
6.75192,5.82863,4
6.72699,5.893730000000001,4
6.699960000000001,5.95832,4
6.67085,6.02232,4
6.63965,6.08568,4
6.606380000000001,6.1483099999999995,4
6.57107,6.21016,4
6.53372,6.27115,4
6.4943599999999995,6.331230000000001,4
6.452999999999999,6.39032,4
6.409680000000001,6.44836,4
6.36442,6.50528,4
6.31724,6.56102,4
6.26817,6.61552,4
6.21726,6.668710000000001,4
6.16453,6.72054,4
6.11002,6.77093,4
6.05376,6.8198300000000005,4
5.99581,6.86718,4
5.93619,6.91292,4
5.87496,6.956989999999999,4
5.81217,6.999339999999999,4
5.74785,7.0399199999999995,4
5.6820699999999995,7.07867,4
5.61487,7.115539999999999,4
5.54631,7.150469999999999,4
5.47644,7.18343,4
5.40532,7.214360000000001,4
5.33301,7.24322,4
5.25957,7.26996,4
5.18506,7.29454,4
5.10954,7.31693,4
5.0330900000000005,7.33708,4
4.95576,7.35496,4
4.87763,7.3705300000000005,4
4.798769999999999,7.3837600000000005,4
4.7192300000000005,7.39463,4
4.6391,7.4031,4
4.55845,7.40914,4
4.47736,7.412739999999999,4
4.39588,7.413869999999999,4
4.3141099999999994,7.41251,4
4.23212,7.40865,4
4.14998,7.40227,4
4.067769999999999,7.39336,4
3.9855699999999996,7.38191,4
3.90346,7.36791,4
3.8215199999999996,7.351360000000001,4
3.7398300000000004,7.33225,4
3.65846,7.3105899999999995,4
3.5775,7.28638,4
3.49703,7.25962,4
3.4171300000000002,7.23031,4
3.3378699999999997,7.19848,4
3.2593400000000003,7.16413,4
3.18162,7.127280000000001,4
3.10479,7.08795,4
3.0289200000000003,7.04615,4
2.9541,7.0019100000000005,4
2.8804,6.95525,4
2.8079099999999997,6.906210000000001,4
2.7366900000000003,6.8548100000000005,4
2.66683,6.801080000000001,4
2.5984,6.7450600000000005,4
2.5314799999999997,6.686789999999999,4
2.46614,6.62631,4
2.40245,6.5636600000000005,4
2.34048,6.498880000000001,4
2.2803,6.43202,4
2.2219900000000004,6.3631400000000005,4
2.16561,6.29228,4
2.11123,6.2195,4
2.05891,6.1448599999999995,4
2.0087099999999998,6.0684,4
1.9607,5.9902,4
1.91494,5.91032,4
1.87148,5.8288199999999994,4
1.83037,5.74576,4
1.7916900000000002,5.66122,4
1.75547,5.57526,4
1.72176,5.48796,4
1.69062,5.3994,4
1.66209,5.30964,4
1.63622,5.21877,4
1.61304,5.12685,4
1.59259,5.03399,4
1.57491,4.94024,4
1.5600399999999999,4.8457099999999995,4
1.54801,4.75047,4
1.53884,4.6546,4
1.5325600000000001,4.5582,4
1.5292,4.46135,4
1.52877,4.36414,4
1.5313,4.26666,4
1.5368,4.16899,4
1.54529,4.07124,4
1.55677,3.97349,4
1.57126,3.87583,4
1.58875,3.7783599999999997,4
1.60925,3.68117,4
1.63275,3.58435,4
1.65926,3.48799,4
1.68877,3.3921900000000003,4
1.72127,3.29704,4
1.7567400000000002,3.20264,4
1.7951599999999999,3.10908,4
1.83653,3.0164400000000002,4
1.8808200000000002,2.92483,4
1.9280099999999998,2.83433,4
1.97806,2.74504,4
2.03095,2.65705,4
2.08664,2.57045,4
2.1451,2.48532,4
2.2063,2.40175,4
2.27018,2.31984,4
2.3367,2.2396700000000003,4
2.40583,2.16132,4
2.4775,2.08488,4
2.55167,2.01043,4
2.62827,1.93805,4
2.7072599999999998,1.8678299999999999,4
2.78858,1.7998299999999998,4
2.87215,1.73413,4
2.95791,1.67082,4
3.0458,1.60995,4
3.13575,1.55162,4
3.22768,1.49587,4
3.3215199999999996,1.44278,4
3.4172,1.39241,4
3.51462,1.34483,4
3.61372,1.30009,4
3.7144,1.25826,4
3.81659,1.21938,4
3.9201900000000003,1.1835200000000001,4
4.025119999999999,1.1507100000000001,4
4.13129,1.12101,4
4.2386,1.09446,4
4.34696,1.07111,4
4.45627,1.0509899999999999,4
4.56645,1.03414,4
4.67738,1.0205899999999999,4
4.7889800000000005,1.0103799999999998,4
4.90113,1.00353,4
5.01375,1.00006,4
5.12672,1.0,4
5.23994,1.00336,4
5.35332,1.01017,4
5.46673,1.02043,4
5.58009,1.03414,4
5.693280000000001,1.0513299999999999,4
5.8062,1.07198,4
5.918740000000001,1.0961,4
6.0307900000000005,1.12368,4
6.14225,1.15472,4
6.25301,1.1892,4
6.36297,1.22712,4
6.47201,1.26844,4
6.580030000000001,1.31316,4
6.68693,1.36125,4
6.7926,1.41268,4
6.89694,1.4674200000000002,4
6.99984,1.52544,4
7.101189999999999,1.5867,4
7.20091,1.65116,4
7.2988800000000005,1.7187700000000001,4
7.395010000000001,1.7894900000000002,4
7.4892,1.86327,4
7.58135,1.94006,4
7.671360000000001,2.01979,4
7.75915,2.10242,4
7.84461,2.18787,4
7.92766,2.27609,4
8.00821,2.36701,4
8.08618,2.46055,4
8.16146,2.5566400000000002,4
8.234,2.6552,4
8.30369,2.75616,4
8.37047,2.85944,4
8.43425,2.9649400000000004,4
8.49497,3.07258,4
8.55256,3.18228,4
8.60693,3.29394,4
8.65804,3.4074699999999996,4
8.705810000000001,3.5227699999999995,4
8.75018,3.63974,4
8.7911,3.75829,4
8.82852,3.8783,4
8.86237,3.99969,4
8.892619999999999,4.12234,4
8.91922,4.2461400000000005,4
8.94212,4.37098,4
8.96129,4.49676,4
8.97668,4.62336,4
8.98828,4.7506699999999995,4
8.99605,4.87858,4
8.99996,5.00697,4
9.0,5.13572,4
8.996139999999999,5.26471,4
8.98837,5.39383,4
8.97668,5.52297,4
8.96107,5.6519900000000005,4
8.94152,5.78078,4
8.91804,5.9092199999999995,4
8.89063,6.03719,4
8.8593,6.164569999999999,4
8.82405,6.29124,4
8.78491,6.41708,4
8.7419,6.54197,4
8.69502,6.665789999999999,4
8.64432,6.7884199999999995,4
8.58982,6.909730000000001,4
8.53154,7.02963,4
8.46954,7.14797,4
8.40385,7.264660000000001,4
8.3345,7.379580000000001,4
8.261560000000001,7.4926,4
8.18507,7.603619999999999,4
8.105089999999999,7.71253,4
8.02167,7.81922,4
7.93487,7.92358,4
7.84477,8.02549,4
7.75143,8.12487,4
7.654910000000001,8.2216,4
7.5553,8.31558,4
4.772130000000001,4.237480000000001,5
4.7832099999999995,4.22892,5
4.79472,4.22066,5
4.80665,4.21269,5
4.81899,4.20505,5
4.83174,4.1977400000000005,5
4.844869999999999,4.19079,5
4.8584,4.1842,5
4.8723,4.177980000000001,5
4.88656,4.1721699999999995,5
4.90117,4.16676,5
4.916119999999999,4.16178,5
4.9314,4.15723,5
4.947,4.1531400000000005,5
4.9629,4.14951,5
4.97909,4.14635,5
4.99555,4.143680000000001,5
5.0122800000000005,4.14151,5
5.02925,4.13985,5
5.04645,4.138719999999999,5
5.06386,4.13811,5
5.08148,4.13805,5
5.09927,4.13854,5
5.11724,4.13959,5
5.13535,4.14121,5
5.1536,4.1434,5
5.17195,4.14618,5
5.19041,4.14955,5
5.20894,4.153519999999999,5
5.227530000000001,4.1581,5
5.246169999999999,4.16328,5
5.264819999999999,4.16908,5
5.28348,4.1755,5
5.3021199999999995,4.18254,5
5.32072,4.1902,5
5.33927,4.1984900000000005,5
5.35774,4.207409999999999,5
5.376119999999999,4.21697,5
5.39438,4.22715,5
5.4125,4.23797,5
5.43047,4.24941,5
5.448259999999999,4.26149,5
5.46585,4.27419,5
5.483230000000001,4.28752,5
5.500369999999999,4.301480000000001,5
5.51725,4.31605,5
5.53385,4.331230000000001,5
5.55016,4.34703,5
5.56614,4.36343,5
5.58179,4.3804300000000005,5
5.59708,4.39802,5
5.6119900000000005,4.41619,5
5.6265,4.43494,5
5.64059,4.45426,5
5.65425,4.474130000000001,5
5.66745,4.49455,5
5.68018,4.51551,5
5.69241,4.537,5
5.70413,4.5589900000000005,5
5.715319999999999,4.5815,5
5.72596,4.60449,5
5.73604,4.62795,5
5.7455300000000005,4.65188,5
5.75443,4.67626,5
5.7627,4.70106,5
5.77035,4.7262900000000005,5
5.77735,4.75191,5
5.78369,4.77792,5
5.78935,4.80429,5
5.79432,4.83101,5
5.79858,4.85807,5
5.8021199999999995,4.88543,5
5.804930000000001,4.91309,5
5.807,4.9410099999999995,5
5.80831,4.96919,5
5.80886,4.99761,5
5.8086199999999995,5.02623,5
5.8076,5.05505,5
5.80578,5.08403,5
5.80315,5.11316,5
5.79971,5.14241,5
5.79545,5.17176,5
5.79035,5.2012,5
5.78442,5.23068,5
5.77764,5.2602,5
5.77002,5.2897300000000005,5
5.76155,5.31924,5
5.7522199999999994,5.34871,5
5.74202,5.3781099999999995,5
5.73097,5.407430000000001,5
5.71906,5.43663,5
5.70627,5.46569,5
5.69263,5.49458,5
5.67812,5.52329,5
5.66274,5.55178,5
5.6465,5.580030000000001,5
5.62941,5.60801,5
5.61146,5.6357,5
5.59265,5.66308,5
5.5729999999999995,5.69011,5
5.5525,5.71678,5
5.5311699999999995,5.74305,5
5.50901,5.7689,5
5.48603,5.79432,5
5.46224,5.81926,5
5.43764,5.84371,5
5.41225,5.86765,5
5.386080000000001,5.89104,5
5.35913,5.91386,5
5.33142,5.9361,5
5.302969999999999,5.95772,5
5.27378,5.9787,5
5.24388,5.99902,5
5.21327,6.01866,5
5.18197,6.0376,5
5.15,6.0558,5
5.117369999999999,6.07325,5
5.08411,6.08994,5
5.0502199999999995,6.10583,5
5.01574,6.1209,5
4.98068,6.13514,5
4.94505,6.14853,5
4.90888,6.16105,5
4.8722,6.172680000000001,5
4.83502,6.1834,5
4.79737,6.19319,5
4.75926,6.20204,5
4.7207300000000005,6.20993,5
4.6818,6.21684,5
4.6424900000000004,6.22276,5
4.60283,6.22768,5
4.5628400000000005,6.23158,5
4.52255,6.23444,5
4.481990000000001,6.23626,5
4.44119,6.237019999999999,5
4.40016,6.23672,5
4.3589400000000005,6.23534,5
4.31757,6.23287,5
4.27606,6.2293,5
4.23444,6.22463,5
4.19275,6.21884,5
4.15102,6.21194,5
4.1092699999999995,6.20391,5
4.0675300000000005,6.19475,5
4.0258400000000005,6.18445,5
3.98423,6.173019999999999,5
3.9427300000000005,6.16045,5
3.90136,6.14674,5
3.8601699999999997,6.13189,5
3.8191699999999997,6.11589,5
3.77841,6.09875,5
3.73792,6.08047,5
3.69772,6.06105,5
3.65784,6.0405,5
3.6183300000000003,6.01882,5
3.57921,5.99602,5
3.54051,5.972090000000001,5
3.5022599999999997,5.94706,5
3.4645,5.92092,5
3.42726,5.89369,5
3.39057,5.8653699999999995,5
3.35445,5.83598,5
3.31895,5.80552,5
3.2840800000000003,5.77402,5
3.24989,5.74147,5
3.2164,5.7079,5
3.18364,5.6733199999999995,5
3.15164,5.63775,5
3.12043,5.60121,5
3.09004,5.5637,5
3.0605,5.52525,5
3.03183,5.48588,5
3.00407,5.44561,5
2.97724,5.40445,5
2.9513700000000003,5.36244,5
2.9264799999999997,5.31958,5
2.9026,5.275919999999999,5
2.87975,5.23146,5
2.85797,5.18624,5
2.8372599999999997,5.14027,5
2.81767,5.09359,5
2.7992,5.04622,5
2.78189,4.99819,5
2.76575,4.94953,5
2.7508,4.90026,5
2.73707,4.85042,5
2.72458,4.80004,5
2.71333,4.749140000000001,5
2.70336,4.69776,5
2.69467,4.64593,5
2.68729,4.59368,5
2.68122,4.54104,5
2.6765,4.48806,5
2.67311,4.43475,5
2.67109,4.3811599999999995,5
2.67044,4.32733,5
2.67118,4.273280000000001,5
2.67331,4.21905,5
2.6768400000000003,4.164680000000001,5
2.6817900000000003,4.1102,5
2.68815,4.05566,5
2.6959400000000002,4.0010900000000005,5
2.70516,3.9465199999999996,5
2.71582,3.8919900000000003,5
2.72791,3.83755,5
2.74145,3.7832199999999996,5
2.75643,3.72905,5
2.7728599999999997,3.6750800000000003,5
2.79073,3.62134,5
2.8100400000000003,3.56788,5
2.8307900000000004,3.5147199999999996,5
2.85297,3.4619199999999997,5
2.87659,3.40951,5
2.90163,3.3575199999999996,5
2.92809,3.306,5
2.9559599999999997,3.2549799999999998,5
2.98524,3.20451,5
3.01591,3.15461,5
3.04796,3.10534,5
3.08137,3.05673,5
3.11615,3.00881,5
3.15227,2.96162,5
3.18972,2.9152,5
3.22848,2.86959,5
3.2685299999999997,2.82483,5
3.30986,2.78094,5
3.35245,2.7379700000000002,5
3.39627,2.69595,5
3.4413099999999996,2.65492,5
3.48755,2.61491,5
3.53496,2.57596,5
3.58351,2.53809,5
3.6331900000000004,2.50135,5
3.6839699999999995,2.46576,5
3.73581,2.4313599999999997,5
3.7887,2.39817,5
3.8426,2.3662400000000003,5
3.8974800000000003,2.3355799999999998,5
3.9533199999999997,2.30623,5
4.01008,2.27822,5
4.06773,2.25157,5
4.12624,2.22632,5
4.185569999999999,2.20248,5
4.24569,2.18008,5
4.30657,2.15915,5
4.36816,2.13972,5
4.43044,2.1217900000000003,5
4.49336,2.10541,5
4.5568800000000005,2.09058,5
4.62098,2.07733,5
4.6856,2.06567,5
4.75071,2.05563,5
4.816269999999999,2.0472200000000003,5
4.88223,2.04046,5
4.94856,2.03536,5
5.015219999999999,2.03194,5
5.08215,2.0302,5
5.14933,2.03017,5
5.21669,2.03186,5
5.28421,2.03526,5
5.35184,2.0404,5
5.4195199999999994,2.04727,5
5.48723,2.05589,5
5.55491,2.0662599999999998,5
5.62251,2.07838,5
5.68999,2.09225,5
5.75732,2.1078900000000003,5
5.82443,2.12528,5
5.89128,2.1444400000000003,5
5.95783,2.16534,5
6.02404,2.188,5
6.08985,2.2124099999999998,5
6.15522,2.2385599999999997,5
6.2201,2.26645,5
6.28445,2.2960599999999998,5
6.34823,2.3274,5
6.41137,2.36044,5
6.47385,2.3951700000000002,5
6.53561,2.4315900000000004,5
6.59662,2.46968,5
6.656810000000001,2.50942,5
6.71616,2.5508,5
6.774610000000001,2.5938,5
6.83212,2.6384,5
6.888660000000001,2.68458,5
6.944160000000001,2.73232,5
6.9986,2.78159,5
7.0519300000000005,2.83238,5
7.1041,2.88465,5
7.1550899999999995,2.93839,5
7.204839999999999,2.99356,5
7.253310000000001,3.0501400000000003,5
7.30047,3.1081,5
7.34629,3.1674,5
7.39071,3.22802,5
7.4337,3.2899300000000005,5
7.475230000000001,3.3530800000000003,5
7.51527,3.41744,5
7.55377,3.48299,5
7.5907,3.5496800000000004,5
7.62603,3.6174699999999995,5
7.659730000000001,3.68634,5
7.69176,3.75622,5
7.7221,3.8271,5
7.750719999999999,3.8989199999999995,5
7.77758,3.97165,5
7.80267,4.04523,5
7.82595,4.11964,5
7.847389999999999,4.1948099999999995,5
7.86698,4.27072,5
7.8847,4.34731,5
7.900510000000001,4.42453,5
7.9144,4.50234,5
7.92635,4.58069,5
7.93635,4.65953,5
7.9443600000000005,4.73881,5
7.95039,4.81849,5
7.95441,4.89851,5
7.956410000000001,4.97882,5
7.95638,5.0593699999999995,5
7.9543,5.14011,5
7.95017,5.2209900000000005,5
7.943989999999999,5.30196,5
7.93573,5.38295,5
7.92541,5.46393,5
7.912999999999999,5.54484,5
7.8985199999999995,5.62561,5
7.88196,5.70621,5
7.86332,5.786569999999999,5
7.8425899999999995,5.86665,5
7.8198,5.94638,5
7.794919999999999,6.02572,5
7.767989999999999,6.10461,5
7.738989999999999,6.18299,5
7.70794,6.26082,5
7.67485,6.33804,5
7.63973,6.4146,5
7.602589999999999,6.49043,5
7.563439999999999,6.5655,5
7.522310000000001,6.63974,5
7.479210000000001,6.71311,5
7.43415,6.785539999999999,5
7.387160000000001,6.857,5
7.338260000000001,6.92742,5
7.28746,6.99677,5
7.2348,7.06497,5
7.1803,7.132000000000001,5
7.12398,7.1977899999999995,5
7.065869999999999,7.2623,5
7.006010000000001,7.325480000000001,5
6.94441,7.3872800000000005,5
6.88112,7.44765,5
6.81617,7.50655,5
6.74958,7.56394,5
6.6814,7.61976,5
6.6116600000000005,7.67398,5
6.5404,7.72655,5
6.46767,7.777430000000001,5
6.39349,7.826569999999999,5
6.3179099999999995,7.87395,5
6.24097,7.919510000000001,5
6.162719999999999,7.96322,5
6.08319,8.00504,5
6.00245,8.044939999999999,5
5.92053,8.082880000000001,5
5.83748,8.11882,5
5.753340000000001,8.15274,5
5.66818,8.184610000000001,5
5.5820300000000005,8.21438,5
5.49496,8.24204,5
5.40701,8.267560000000001,5
5.318230000000001,8.2909,5
5.228680000000001,8.31204,5
5.13842,8.330969999999999,5
5.04749,8.34765,5
4.95596,8.36207,5
4.86388,8.3742,5
4.7713,8.384030000000001,5
4.6783,8.391539999999999,5
4.58491,8.39671,5
4.49121,8.39954,5
4.39726,8.4,5
4.3031,8.39809,5
4.20881,8.3938,5
4.11444,8.38711,5
4.02005,8.37803,5
3.9257,8.366539999999999,5
3.83146,8.35265,5
3.73739,8.33636,5
3.64355,8.31765,5
3.55,8.29654,5
3.4567900000000003,8.273019999999999,5
3.36401,8.2471,5
3.27169,8.21879,5
3.17992,8.188089999999999,5
3.08874,8.15502,5
2.99823,8.119580000000001,5
2.90844,8.08179,5
2.81943,8.04166,5
2.73126,7.9992,5
2.6439999999999997,7.954439999999999,5
2.5577099999999997,7.9073899999999995,5
2.47244,7.85807,5
2.38826,7.80651,5
2.3052200000000003,7.752730000000001,5
2.22338,7.69675,5
2.1428,7.63859,5
2.06354,7.5783,5
1.9856599999999998,7.51589,5
1.9092,7.451410000000001,5
1.83424,7.384869999999999,5
1.7608099999999998,7.316319999999999,5
1.68898,7.2457899999999995,5
1.6188,7.173310000000001,5
1.5503200000000001,7.09894,5
1.48359,7.0227,5
1.41866,6.94463,5
1.35559,6.864789999999999,5
1.29441,6.78321,5
1.23519,6.69994,5
1.17795,6.61503,5
1.12276,6.528519999999999,5
1.06965,6.44046,5
1.01867,6.3509,5
0.969858,6.2599,5
0.9232530000000001,6.16751,5
0.8788959999999999,6.07377,5
0.836825,5.97875,5
0.797076,5.88251,5
0.759685,5.785080000000001,5
0.7246859999999999,5.68655,5
0.69211,5.5869599999999995,5
0.661989,5.48637,5
0.634353,5.38485,5
0.609229,5.2824599999999995,5
0.586643,5.17925,5
0.566621,5.07529,5
0.549186,4.97065,5
0.534359,4.8653900000000005,5
0.522161,4.759580000000001,5
0.51261,4.6532800000000005,5
0.5057229999999999,4.54655,5
0.5015149999999999,4.43947,5
0.5,4.3321,5
0.501189,4.2245,5
0.505093,4.11676,5
0.51172,4.00893,5
0.521076,3.90109,5
0.533166,3.7933,5
0.547994,3.68563,5
-6.685410000000001,-3.5035,6
-9.245330000000001,-1.79655,6
-8.755339999999999,-4.65758,6
-4.10195,-5.911580000000001,6
-4.274380000000001,-3.7074599999999998,6
-3.46691,-9.216330000000001,6
-8.404580000000001,-0.373255,6
-6.1373,-2.46035,6
-3.10302,-6.705419999999999,6
-6.06453,-1.9597,6
-2.5582,-7.909739999999999,6
-6.21247,-3.4761800000000003,6
-2.5926,-6.49003,6
-5.89605,-4.06149,6
-7.525519999999999,-2.0735200000000003,6
-6.53975,-3.09922,6
-4.23712,-6.062819999999999,6
-4.17528,-6.06626,6
-1.8684,-8.74162,6
-5.91211,-5.618130000000001,6
-0.723134,-6.979080000000001,6
-7.73503,-6.08465,6
-6.67019,-2.0518400000000003,6
-2.2810799999999998,-7.0671,6
-9.65405,-0.569611,6
-4.96626,-6.60875,6
-6.1142,-3.1680200000000003,6
-5.621980000000001,-6.989330000000001,6
-1.5589600000000001,-8.353060000000001,6
-7.615469999999999,-2.22019,6
-9.69355,-2.50363,6
-1.58475,-8.025269999999999,6
-6.31884,-1.9071900000000002,6
-2.59457,-7.44124,6
-2.8978900000000003,-9.672130000000001,6
-6.67005,-3.6952300000000005,6
-7.364839999999999,-6.05781,6
-8.13508,-3.85925,6
-5.18124,-7.0033,6
-5.0642,-4.5829699999999995,6
-5.490419999999999,-5.01121,6
-3.8762800000000004,-5.86632,6
-4.60698,-7.501060000000001,6
-3.47546,-4.27965,6
-5.33709,-2.99514,6
-4.13952,-5.57233,6
-4.83919,-5.1471,6
-5.95357,-2.7483,6
-2.40395,-9.484810000000001,6
-5.3091800000000005,-2.1069999999999998,6
-1.9969400000000002,-8.2989,6
-6.4858199999999995,-2.36794,6
-3.94089,-5.5854099999999995,6
-1.16658,-9.17295,6
-4.76193,-5.75617,6
-7.543019999999999,-5.66986,6
-8.20907,-5.4928,6
-8.064919999999999,0.0,6
-4.9143099999999995,-4.34477,6
-6.13408,-0.818615,6
-2.7686900000000003,-6.48755,6
-4.68724,-5.04371,6
-0.9560770000000001,-7.00595,6
-5.035480000000001,-1.31669,6
-6.14823,-2.91783,6
-4.32139,-5.43208,6
-5.95761,-8.0442,6
-0.444834,-7.63426,6
-3.94391,-4.07185,6
-4.2723,-6.43405,6
-6.96455,-3.8915,6
-0.99064,-9.27892,6
-8.76472,-5.2446,6
-3.8467300000000004,-3.91117,6
-4.58788,-3.70433,6
-2.79815,-8.332989999999999,6
-3.8855699999999995,-6.09849,6
-7.468139999999999,-1.1712799999999999,6
-2.26038,-7.264419999999999,6
-7.73774,-0.498985,6
-4.42836,-8.99681,6
-4.96149,-3.87103,6
-2.43102,-6.11559,6
-1.30294,-7.3855,6
-7.8468100000000005,-1.10489,6
-3.03321,-7.09972,6
-2.26156,-7.29835,6
-5.2141,-5.85238,6
-2.97133,-6.580080000000001,6
-5.92274,-4.05057,6
-6.80629,-3.98213,6
-3.3575,-6.07693,6
-9.02845,-2.53218,6
-5.059,-2.36943,6
-3.7857300000000005,-5.19046,6
-1.48739,-7.53343,6
-9.52187,-0.771159,6
-4.28165,-5.8523,6
-4.88415,-5.16341,6
-5.01269,-5.21394,6
-5.32254,-3.8787,6
-4.8299900000000004,-4.67557,6
-3.9193599999999997,-6.32795,6
-6.56049,-7.2852,6
-3.0563700000000003,-7.17793,6
-0.817477,-7.30439,6
-1.7205099999999998,-8.90685,6
-0.0731842,-8.29831,6
-5.987769999999999,-2.87974,6
-4.01318,-5.5435300000000005,6
-8.266860000000001,-1.11385,6
-1.74026,-9.23241,6
-0.195463,-7.26462,6
-4.91017,-5.98977,6
-2.10249,-5.86538,6
-4.4592,-6.57821,6
-2.50347,-8.820969999999999,6
-3.09732,-7.91672,6
-4.510759999999999,-5.453130000000001,6
-2.29288,-7.75081,6
-6.1843,-7.26766,6
-10.0,-1.0749600000000001,6
-5.24288,-1.24793,6
-6.6947,-1.89195,6
-0.66327,-10.0,6
-3.85817,-6.887980000000001,6
-1.9285900000000002,-9.49301,6
-3.79284,-3.57001,6
-7.85473,-1.64478,6
-0.668334,-7.78737,6
-8.96384,-4.25615,6
-4.61949,-7.12373,6
-8.30053,-0.8538819999999999,6
-6.715439999999999,-2.52541,6
-4.32509,-3.25532,6
-3.93534,-7.19959,6
-1.62158,-9.18604,6
-4.87595,-2.58887,6
-7.09732,-3.50676,6
-3.3255800000000004,-6.74206,6
-6.34974,-2.05935,6
-5.94022,-6.30976,6
-6.73698,-3.24938,6
-7.41207,-0.8868729999999999,6
-8.26538,-4.5391900000000005,6
-0.690875,-8.6633,6
-7.573910000000001,-2.15823,6
-1.98032,-8.62032,6
-2.6168299999999998,-7.5105,6
-8.39519,-3.00488,6
-6.65615,-6.394480000000001,6
-1.1989299999999998,-8.87203,6
-8.46849,-2.17219,6
-1.8758700000000001,-9.6177,6
-8.93928,-2.02674,6
-6.595510000000001,-2.7285,6
-7.04426,-6.202780000000001,6
-4.168769999999999,-3.08645,6
-4.94262,-4.56275,6
-2.87518,-5.216069999999999,6
-2.66451,-6.47486,6
-3.3178199999999998,-7.36498,6
-7.279,-2.51582,6
-8.59033,-0.990115,6
-5.90512,-5.3040400000000005,6
-5.33124,-2.88176,6
-1.8396400000000002,-7.40706,6
-9.23787,-1.75332,6
-6.0375,-4.081580000000001,6
-3.47177,-5.696940000000001,6
-2.87679,-5.24943,6
-6.0850800000000005,-7.95689,6
-8.47974,-1.8788,6
-7.08425,-3.27022,6
-3.72455,-6.29617,6
-4.839919999999999,-5.72501,6
-0.574728,-5.83938,6
-4.1416699999999995,-1.87464,6
-1.76568,-8.12294,6
-5.55978,-5.70408,6
-3.98085,-7.993760000000001,6
-4.365880000000001,-4.82341,6
-4.42466,-5.6859,6
-1.0838299999999998,-8.35597,6
-1.44745,-5.99645,6
-3.8092599999999996,-6.8498,6
-5.71477,-8.24489,6
-5.7391,-5.3764400000000006,6
-7.1292100000000005,-1.7387099999999998,6
-6.03068,-6.4138,6
-3.9007099999999997,-4.10593,6
-4.8246400000000005,-5.89383,6
-6.1083300000000005,-4.87516,6
-4.65285,-5.67077,6
-3.20507,-7.3693,6
-4.70814,-4.2204,6
-2.6390599999999997,-8.82364,6
-4.50284,-5.78315,6
-8.78093,-1.54956,6
-5.6384,-4.369,6
-6.58863,-1.24445,6
-5.34806,-6.73118,6
-2.08582,-9.36175,6
-3.16024,-7.076739999999999,6
-4.09007,-5.5332300000000005,6
-2.92795,-7.809360000000001,6
-9.78091,-1.77709,6
-3.50611,-3.99727,6
-7.94119,-1.3173,6
-7.20907,-2.24772,6
-3.31259,-6.626460000000001,6
-5.16071,-4.2544900000000005,6
-3.64428,-5.29565,6
-5.37408,-5.48071,6
-4.413119999999999,-5.6435900000000006,6
-1.54116,-5.45978,6
-5.17148,-7.86815,6
-3.62454,-7.38375,6
-1.83244,-7.81663,6
-2.1158200000000003,-9.88969,6
-2.00685,-3.8647,6
-6.42612,-5.17397,6
-1.7643099999999998,-6.699910000000001,6
-2.17864,-7.871510000000001,6
-7.8105199999999995,-1.7601900000000001,6
-1.74698,-6.9302399999999995,6
-2.90085,-3.21374,6
-5.602180000000001,-4.30499,6
-5.11129,-6.1443900000000005,6
-3.4835599999999998,-5.94886,6
-2.18506,-7.17353,6
-5.6237699999999995,-4.52904,6
-7.6236,-2.12688,6
-7.09294,-2.6533900000000004,6
-0.014977,-8.50954,6
-8.807260000000001,-1.21766,6
-5.05123,-7.52045,6
-2.05553,-7.0094899999999996,6
-4.394419999999999,-7.998189999999999,6
-0.044517900000000006,-8.33127,6
-5.09045,-6.943160000000001,6
-8.61052,-0.6951970000000001,6
-5.11493,-4.91555,6
-7.07942,-3.69496,6
-5.16031,-5.79671,6
-4.227609999999999,-5.74655,6
-7.57039,-5.2851099999999995,6
-6.566389999999999,-4.29922,6
-1.17903,-7.765219999999999,6
-2.46962,-5.3749,6
-9.33286,-2.6805,6
-5.217230000000001,-6.67352,6
-7.204910000000001,-1.9557200000000001,6
-7.37383,-0.9255030000000001,6
-7.206410000000001,-1.7513900000000002,6
-2.17461,-6.08294,6
-7.10675,-2.38902,6
-6.15621,-4.2979400000000005,6
-2.74954,-7.21281,6
-4.9294199999999995,-8.9038,6
-0.5020680000000001,-7.3029399999999995,6
-7.14518,-1.81992,6
-1.92084,-7.242089999999999,6
-3.4554400000000003,-5.116969999999999,6
-1.07759,-6.91506,6
-7.72726,-3.66681,6
-4.279319999999999,-6.949139999999999,6
-0.652619,-9.04764,6
-4.41159,-3.4358,6
-8.43685,-0.8747219999999999,6
-1.75436,-8.701369999999999,6
-4.848669999999999,-6.266380000000001,6
-7.77048,-1.2361,6
-3.9932,-6.64537,6
-6.07055,-2.88983,6
-7.1970600000000005,-0.990933,6
-5.40921,-7.3322199999999995,6
-7.449,-3.01511,6
-6.1395800000000005,-4.92635,6
-5.27781,-4.32299,6
-7.2695,-0.904409,6
-6.59094,-2.89348,6
-5.37164,-4.18417,6
-4.39076,-8.50538,6
-2.62225,-4.831930000000001,6
-5.82112,-6.71357,6
-1.69271,-4.63112,6
-1.8948099999999999,-4.73746,6
-7.76705,-2.04834,6
-6.33191,-7.386830000000001,6
-7.47151,-0.16538,6
-5.33207,-4.1904900000000005,6
-3.9350300000000002,-7.53216,6
-5.25258,-4.85582,6
-6.8878,-1.16289,6
-8.0812,-4.91113,6
-3.4856599999999998,-6.70672,6
-1.28952,-7.46207,6
-6.26424,-4.07705,6
-6.689660000000001,-1.80755,6
-7.7591399999999995,-2.2181599999999997,6
-7.34115,-3.26154,6
-7.999,-3.45482,6
-5.66211,-8.3734,6
-7.4294899999999995,-0.988569,6
-1.11405,-6.21013,6
-7.29095,-1.99931,6
-3.51367,-6.969460000000001,6
-3.57062,-5.382969999999999,6
-1.67924,-4.51109,6
-1.64395,-7.31837,6
-2.72798,-8.00042,6
-0.40784699999999996,-8.49521,6
0.0,-8.45278,6
-3.64226,-4.89846,6
-6.28633,-3.5161800000000003,6
-3.9603300000000004,-9.48546,6
-4.69298,-6.20072,6
-7.36163,-6.48229,6
-8.57638,-4.44325,6
-8.72297,-1.5444200000000001,6
-7.79283,-1.3339,6
-3.03979,-6.9096,6
-7.0243,-2.9321,6
-7.10545,-3.9431199999999995,6
-6.20991,-5.00789,6
-8.30175,-5.69039,6
-4.5438,-5.80084,6
-0.7241390000000001,-8.5271,6
-1.6933,-8.54074,6
-1.4806700000000002,-7.55382,6
-1.2516,-9.23516,6
-4.51929,-6.99471,6
-0.267137,-7.70131,6
-6.953139999999999,-2.64972,6
-1.40398,-8.02694,6
-7.160889999999999,-2.66381,6
-8.63005,-0.5102899999999999,6
-3.8085,-2.9528,6
-5.029719999999999,-4.04064,6
-6.8967600000000004,-4.03104,6
-5.10163,-4.37735,6
-7.50358,-6.59852,6
-8.13148,-2.18701,6
-1.1506299999999998,-8.137260000000001,6
-3.66899,-6.4995199999999995,6
-6.78225,-3.0246299999999997,6
-8.20318,-2.7356599999999998,6
-2.82366,-8.176630000000001,6
-4.80261,-4.75205,6
-6.91135,-1.0476299999999998,6
-3.2806599999999997,-6.08711,6
-1.02047,-7.55425,6
-2.12364,-6.5128900000000005,6
-6.11667,-3.80804,6
-8.257819999999999,-2.26655,6
-6.73491,-6.44301,6
-6.81918,-2.5643700000000003,6
-7.07095,-7.22547,6
-1.38029,-9.14826,6
-8.98632,-0.899075,6
-4.86247,-7.3566,6
-3.1311299999999997,-7.09313,6
-9.980089999999999,-2.24602,6
-3.7154599999999998,-2.12668,6
-4.9524,-4.5105,6
-8.21957,-2.50546,6
-8.00482,-2.432,6
-2.59347,-6.767119999999999,6
-7.870710000000001,-1.9132900000000002,6
-0.889157,-9.84421,6
-1.35012,-5.31527,6
-6.77826,-3.55746,6
-4.95214,-8.529810000000001,6
-2.72116,-7.31643,6
-6.26201,-2.8513,6
-3.73435,-6.30091,6
-4.02923,-5.39775,6
-2.84744,-7.98692,6
-6.897060000000001,-3.1676,6
-7.44879,-4.51794,6
-4.41027,-4.14156,6
-2.59788,-4.84454,6
-3.72537,-5.69806,6
-6.8131,-2.2602900000000004,6
-8.49882,-1.16409,6
-3.10902,-8.487060000000001,6
-6.29707,-2.78837,6
-8.670910000000001,-0.8844629999999999,6
-3.7567800000000005,-8.52816,6
-4.56759,-5.79974,6
-3.4766800000000004,-4.33007,6
-5.9360599999999994,-4.01778,6
-6.0157099999999994,-3.59536,6
-4.307169999999999,-7.23424,6
-2.52509,-9.40892,6
-0.628488,-7.63853,6
-9.60162,-2.21801,6
-9.1774,-2.02287,6
-5.237019999999999,-3.87943,6
-5.2918,-5.73588,6
-1.61079,-8.306000000000001,6
-4.4680599999999995,-8.34874,6
-3.68836,-7.227860000000001,6
-4.74106,-4.92629,6
-9.58538,-3.02136,6
-2.48625,-5.211469999999999,6
-2.80647,-8.09029,6
-6.16645,-2.30178,6
-5.2057,-5.4639999999999995,6
-8.30974,-1.02284,6
-6.994,-3.65001,6
-5.817880000000001,-5.1689300000000005,6
-7.24253,-6.276669999999999,6
-6.1809,-1.52641,6
-4.5340300000000004,-6.587610000000001,6
-7.28642,-2.48581,6
-2.15875,-7.445310000000001,6
-1.7111299999999998,-5.94118,6
-3.8690800000000003,-6.109780000000001,6
-0.9943489999999999,-9.20942,6
-6.8893699999999995,-3.4003900000000002,6
-4.07691,-6.97467,6
-6.34376,-5.26635,6
-2.46529,-5.7609900000000005,6
-7.1794199999999995,-4.37544,6
-3.35092,-6.52182,6
-8.11685,-0.226791,6
-6.700480000000001,-5.63149,6
-3.37835,-6.51311,6
-4.00852,-3.41875,6
-2.1966799999999997,-7.26825,6
-1.8304,-9.17112,6
-7.45299,-3.90098,6
-8.31974,-2.4790200000000002,6
-4.65141,-6.382680000000001,6
-7.496410000000001,-6.13354,6
-6.294580000000001,-3.19924,6
-1.5520200000000002,-8.06068,6
-1.29302,-5.85802,6
-8.93247,-0.942884,6
-6.40132,-2.4476400000000003,6
-4.210369999999999,-5.132219999999999,6
-1.27712,-6.71525,6
-5.67776,-1.8989,6
-3.7429099999999997,-7.08672,6
-1.3998,-7.3741,6
-3.03483,-5.96933,6
-4.9977800000000006,-4.9566300000000005,6
-7.34753,-5.15008,6
8.274405374326697,-7.2190034762456525,1
7.391272771288506,-5.017381228273464,2
