0.81503937,-0.473744615,1
1.841134802,0.186448169,1
1.445153518,-0.50863294,1
0.229231163,-0.295269959,1
-0.940932163,0.04163316,0
0.989527936,0.405711038,0
0.501244512,-0.448709655,1
-0.251687002,1.108730518,0
1.771700401,-0.198262058,1
-0.135739542,0.998466893,0
1.093969602,-0.454109865,1
1.913720808,0.184713713,1
0.387557531,0.108390525,1
-0.494978784,0.854649722,0
2.075458601,0.461069839,1
2.0,0.48,1
-0.784366934,0.146475346,0
-0.476116573,0.666512582,0
-1.045541957,-0.000996185,0
0.486767301,-0.143888094,1
0.624893797,0.567208699,0
-0.773786404,0.607810399,0
1.791737928,-0.115743369,1
0.717547187,0.55275874,0
0.050654841,1.005627552,0
1.935457174,0.089849013,1
0.799903828,0.587774527,0
-0.856069688,0.071242476,0
-1.157349564,0.437730581,0
0.441785841,-0.384266554,1
-1.009575083,0.419667403,0
-0.663989723,0.994255747,0
1.112145587,-0.493212488,1
2.098809223,-0.043613788,1
-0.731954055,0.726418363,0
1.33556287,-0.599041891,1
0.800313507,-0.564228297,1
0.919079931,-0.463722464,1
-0.244331878,0.392157242,1
0.581528605,0.586260324,0
1.019024753,0.264851959,0
0.395653541,-0.347217469,1
0.23140179,-0.187259494,1
-1.009864762,0.037753777,0
0.947824433,0.121427609,0
-0.920696314,0.444704881,0
-0.3985617,0.745193438,0
1.888024924,0.050308739,1
1.228534761,-0.590404866,1
-0.39197491,0.961108513,0
1.348387533,-0.241749312,1
-0.540676978,0.972145529,0
1.58789914,-0.382892414,1
1.127815675,0.26151679,0
0.34398856,1.00771989,0
0.729466252,0.849156658,0
1.728941465,-0.133555988,1
0.676464228,0.751589969,0
0.000102361,-0.094773499,1
0.438658086,0.937896464,0
1.018501181,0.661011348,0
-0.857690629,0.705856799,0
0.085889831,1.11096902,0
1.755780587,0.123940256,1
1.784337985,0.013574151,1
0.325172521,0.053129073,1
0.002855723,0.538051044,1
0.858770235,-0.031330199,1
0.220422262,0.971776856,0
0.100813614,0.056935173,1
-0.86361832,0.607059856,0
1.068135141,-0.564207614,1
-0.137268735,0.126934664,1
0.017169639,0.156996518,1
1.950744365,0.343960392,1
-0.894827018,0.74511454,0
1.119001421,0.221281494,0
-0.930429127,0.657533134,0
0.421850116,0.986058469,0
1.026550604,-0.453414991,1
-0.91264292,0.342442472,0
0.128761241,-0.149558289,1
1.702539463,-0.473053421,1
1.375330045,-0.491498256,1
1.973050665,-0.14501976,1
-0.739788519,0.689857554,0
0.198731663,1.03305414,0
-0.627255414,0.683965324,0
1.513540552,-0.402816783,1
-0.322830743,0.733487345,0
0.017040393,0.263672814,1
0.241730097,-0.180509824,1
-0.848307878,0.046903503,0
1.667939061,-0.055869605,1
0.94368128,0.631582291,0
0.341902818,-0.284451616,1
0.709209828,0.419782405,0
0.261594231,0.865160563,0
2.074743671,-0.136670807,1
1.404341159,-0.434179816,1
-0.944652096,0.117502094,0
0.035864596,0.25232154,1
0.735999037,0.545827905,0
1.728513541,-0.025682649,1
-0.225985458,0.843910342,0
0.912931436,0.661275043,0
0.242903372,-0.439712822,1
-0.603344573,0.641686201,0
1.68647222,-0.272858647,1
0.069413855,0.870711182,0
0.861906663,-0.502943787,1
0.3042664,1.01892478,0
-0.04035477,0.847770616,0
-0.005790165,0.594582883,1
1.407144117,-0.185670469,1
-0.292066434,0.854781419,0
0.617395538,0.840637168,0
1.671930962,-0.458354588,1
-0.697569035,0.452797556,0
1.468012087,-0.10959667,1
0.200126928,0.090671573,1
0.507573097,-0.499278671,1
0.962935813,0.760521864,0
1.865442484,0.123511632,1
2.191626451,0.498951848,1
0.108289574,-0.004026252,1
0.906524453,0.435640308,0
-0.384868729,0.916944955,0
1.324845382,-0.360934679,1
1.323010477,-0.38366289,1
1.930608869,0.194171081,1
-0.30232711,0.683404952,0
0.99381124,0.069554449,0
-0.858410972,0.046248231,0
1.478432252,-0.3145832,1
-0.045234558,-0.118442545,1
0.628717423,0.688678545,0
1.119101774,-0.107302265,0
2.024772412,0.192451403,1
-0.770514273,0.656589665,0
-0.080487205,0.410690976,1
2.065207157,0.161539926,1
-0.173514744,1.137727597,0
-0.867283108,0.439283578,0
-0.234158202,1.105528165,0
0.522464188,-0.285866812,1
0.788288995,0.691790878,0
-0.097793629,1.024611887,0
0.311285534,0.975360556,0
1.487281455,-0.512087231,1
1.387588071,-0.198360139,1
-0.674701815,0.821545133,0
0.157136465,-0.380785467,1
1.883866063,0.516221169,1
-1.071680758,0.470456515,0
-0.907232904,0.843041546,0
-0.568918178,0.909050493,0
0.301609797,-0.181177348,1
0.09140494,0.999582311,0
-0.482647245,0.703233241,0
1.095189918,0.079080181,0
-0.447063961,0.998596639,0
0.210219876,0.307305796,1
-0.897487762,0.743928056,0
0.392623066,-0.278879803,1
0.456694554,0.989543145,0
-0.170579671,0.165460008,1
-0.310934396,0.975698105,0
0.010282676,0.930435302,0
0.397343164,-0.004497267,1
2.029205775,0.807095732,1
1.012186803,-0.338679373,1
1.855373613,0.122577896,1
1.065119113,0.389392904,0
0.129019916,-0.139998545,1
-0.739973428,1.028282057,0
-0.268552229,1.0297128,0
1.062337246,-0.564368712,1
0.067220155,0.202693167,1
1.533361023,-0.101734748,1
-0.620693014,0.316350865,0
0.432508452,-0.233740784,1
0.50688068,0.471438333,0
1.052042907,-0.216109994,1
0.046796774,1.026187773,0
0.166076083,0.678073335,1
0.429992784,1.008807115,0
1.399510465,-0.645033905,1
1.337974543,-0.459197774,1
2.096370625,0.336560579,1
-0.625500914,0.422210075,0
-0.666326927,0.820325805,0
0.166778036,1.108877746,0
-0.401339213,1.031767712,0
1.851130689,0.223407672,1
-0.856014675,0.130291175,0
1.736442646,-0.624968596,1
1.967906016,0.311736252,1
0.091030581,0.929396004,0
0.778065825,0.233124261,0
0.04952747,1.200644892,0
1.928959523,0.172324339,1
-0.641123701,1.139576057,0
-1.076513746,0.802264291,0
0.375479772,0.767634845,0
-0.942881021,0.288967217,0
1.784222623,-0.386279339,1
0.783881651,0.495711377,0
0.876192931,-0.370192182,1
-1.144477404,-0.040467209,0
1.043485595,-0.629124744,1
0.285748287,0.889975644,0
0.93364615,-0.427709687,1
-0.951170448,0.290215847,0
1.204486202,-0.630680286,1
0.452871822,-0.3639221,1
-0.074107748,0.197157614,1
1.6405859,-0.463018078,1
1.047655813,-0.652134484,1
0.863743724,-0.530044834,1
-0.649803948,0.958718628,0
-0.109667111,0.318644413,1
0.661718572,-0.279739063,1
-0.940375717,0.464578329,0
1.021644617,0.1337526,0
1.645845797,-0.319771371,1
-0.539601325,0.713398475,0
1.750798662,-0.392566972,1
-0.622800472,0.83791962,0
0.569461021,0.868494124,0
1.738660431,-0.095959873,1
0.703684801,0.575858411,0
0.916385922,0.531721749,0
0.082632594,0.898871738,0
1.732682611,-0.269904302,1
0.345342955,-0.384723471,1
-1.164170793,-0.161055594,0
-1.013871869,0.380710458,0
1.509658039,-0.33610259,1
1.078026797,-0.636804949,1
-0.420093338,0.975468436,0
0.98450863,0.631522939,0
1.085018529,0.206095187,0
0.365959209,-0.532994729,1
-0.215548986,1.048225988,0
0.894930946,0.244921856,0
0.678653422,0.809188746,0
0.792482194,0.306458951,0
0.185816871,0.884788623,0
1.395888171,-0.364938245,1
0.483147777,-0.177775604,1
-0.651864412,0.804714156,0
0.768726519,0.42471099,0
0.167008485,0.836208742,0
1.034362267,-0.559440185,1
0.825592123,-0.342522452,1
0.279365704,0.23881046,1
0.738191628,0.966213557,0
1.719608725,-0.179907556,1
-0.387430107,1.014653583,0
0.814382549,0.917909,0
-0.393866534,1.038976232,0
-0.807830971,0.799142487,0
-0.534526414,0.778944845,0
0.644641186,0.720008444,0
0.456194164,0.960007499,0
0.140724559,0.361360414,1
0.697201363,-0.418860301,1
-0.397521237,0.974692574,0
0.3235211,-0.199964119,1
1.019721322,0.117756011,0
1.095037755,0.708936934,0
0.987745658,0.515626821,0
-0.882622203,0.466240487,0
0.815625506,0.500326805,0
0.570445194,0.502641981,0
2.030504145,0.366017805,1
1.482840075,-0.05761592,1
0.12973785,1.133537007,0
-0.717903502,0.670710282,0
1.798081068,-0.499763714,1
1.629861645,-0.320020322,1
-0.578153585,1.041823871,0
-1.082116966,0.715684152,0
0.309128147,0.864736031,0
1.842556269,-0.184475969,1
-0.318853111,1.078960007,0
0.941061369,0.47264277,0
-0.478756316,0.862341705,0
1.616761687,-0.270037204,1
2.077690627,0.331981219,1
0.648991216,0.613625589,0
0.682678581,-0.146605664,1
-0.783101158,0.274669801,0
0.721389924,0.116471727,0
1.67893511,0.055142952,1
0.733925835,0.36073548,0
-0.172761207,0.177530723,1
1.676166087,0.009374222,1
1.899048056,-0.312556819,1
0.587769697,-0.383110252,1
0.791707199,-0.119838757,0
0.992475164,0.164539866,0
-1.015738264,0.46507606,0
1.222966174,0.31989201,0
-0.072105129,0.192856177,1
0.526174006,-0.093363514,1
-0.858854912,0.655156665,0
0.878100514,0.358590954,0
0.108143456,0.017802483,1
-0.721656008,0.618351186,0
-0.781321082,0.558171982,0
0.696543999,0.879458774,0
-0.290633305,0.951533147,0
0.032467926,0.927112676,0
1.886046884,0.088495127,1
-0.784969292,0.448754855,0
-0.100797175,0.817062026,0
1.063222161,-0.542540857,1
-0.135472069,-0.018003466,1
0.735721443,-0.347797389,1
2.036571955,-0.121118624,1
2.077896962,-0.001227098,1
-1.015690792,0.422885244,0
0.998737448,0.105816379,0
1.156524135,-0.113837754,1
-1.062348777,0.561565514,0
0.114326334,0.173267941,1
1.64096032,-0.063813135,1
0.395415855,0.828903109,0
-0.136063103,-0.071811987,1
0.144685666,-0.239440358,1
1.500676551,-0.174048205,1
-0.539163992,0.46498173,0
-0.992202796,0.398938632,0
1.166102474,-0.340337554,1
0.911672145,0.526702686,0
0.620686102,-0.413111146,1
-1.03445732,-0.034821652,0
-0.399143291,0.683426165,0
1.041208589,0.408791986,0
1.944794181,0.032378676,1
-0.951380901,0.54955902,0
0.651000826,-0.491200816,1
-0.060769473,-0.093766774,1
-0.001991295,0.988587059,0
0.192274233,0.895761985,0
-0.047995717,0.372343367,1
0.075091206,-0.321596475,1
1.556712264,-0.419037825,1
0.144655932,-0.25840174,1
1.279246061,-0.529394415,1
0.513928741,0.912175392,0
1.340584209,-0.450556672,1
1.415515527,-0.610577134,1
-0.027590877,1.155337598,0
-0.921086502,0.735517917,0
0.482187365,-0.459984147,1
1.613396926,-0.279171331,1
0.069165089,0.460019628,1
1.646638341,-0.065466557,1
0.043519918,0.97873599,0
-0.910089941,-0.014806589,0
-0.643439764,0.434995556,0
1.15494265,-0.201516051,1
1.619111062,-0.159253843,1
0.92327507,0.490363721,0
0.761961779,0.959782733,0
1.690042904,0.186543033,1
-0.472063613,1.039554808,0
0.851178417,-0.287254853,1
0.460761772,0.948841992,0
1.337908446,-0.116930448,1
2.042242395,0.1939776,1
1.858272549,0.104376098,1
1.022136814,0.220959357,0
1.282487038,-0.68985762,1
-0.231137867,0.726945471,0
1.253421272,0.318095398,0
1.787492429,0.080018123,1
1.626415035,-0.229720978,1
0.947407238,-0.293677854,1
1.105425092,-0.675960277,1
0.514070406,-0.345877523,1
1.892398905,0.160672609,1
0.307426987,0.732917589,0
0.888609107,0.267334582,0
-0.008332938,0.366991335,1
0.91930108,0.025453367,0
0.882000212,-0.453526839,1
0.85052839,0.315382452,0
-0.772787612,0.356927236,0
0.795659337,0.387541367,0
0.291214683,0.874399689,0
2.124569622,0.488065227,1
1.504496057,-0.347177637,1
-1.01568046,0.55728358,0
-0.936031,0.250550772,0
0.203002621,0.889025161,0
-0.773699803,0.544472387,0
-0.151072517,1.223960619,0
0.905968914,-0.433159495,1
-0.708809582,0.355242459,0
1.409882251,-0.006045224,0
2.078273087,0.322242856,1
0.073627521,0.792032375,0
0.748224895,-0.498605549,1
0.74492504,0.286881482,0
0.767675886,0.234273726,0
-0.109947779,1.071388039,0
2.028058038,0.462791229,1
-0.340203098,1.174095837,0
-1.060142888,0.025146171,0
-0.652943523,0.961385199,0
2.067737775,0.22946258,1
-0.074138062,0.153681578,1
0.55833613,-0.412840976,1
0.700457098,0.300015215,0
1.069208761,0.040260524,0
0.241493959,-0.584766714,1
1.099273953,-0.379058916,0
-0.636456808,0.946265608,0
0.765359658,-0.504162932,1
1.95164645,-0.055400332,1
1.995429583,0.718054852,1
1.45707947,-0.444464843,1
0.334762113,1.053129386,0
-0.783214516,0.610578808,0
-0.123434068,0.369204982,1
0.511676011,-0.417803276,1
1.282824287,-0.592862325,1
-0.032551909,0.843554186,0
0.907371371,-0.036514933,0
0.01639293,0.346957108,1
0.916717312,0.133558316,0
0.608732737,-0.474269769,1
0.604511221,0.399623327,0
0.079824951,0.360260582,1
0.080336395,-0.03401645,1
0.242913435,0.869935178,0
0.473541631,0.512426555,0
0.08984203,-0.384865632,1
-0.344802655,0.950810997,0
-0.612088019,0.931590538,0
1.61156816,-0.103048508,1
0.455769477,-0.192853773,1
1.642662798,-0.462537191,1
-0.318242512,0.037581875,1
1.01304962,-0.415970324,1
0.106384849,0.162464592,1
-1.002206127,0.281162778,0
-1.010786627,0.193949622,0
-0.086780577,0.183198105,1
0.732855152,-0.608737505,1
-1.054998382,0.260340512,0
0.733521868,-0.651202246,1
-1.051314482,0.46547857,0
0.427690292,-0.398194867,1
-0.00891001,0.048840041,1
-0.026157963,0.359839613,1
0.258731953,1.027500474,0
0.846628818,-0.084065946,0
0.645141265,-0.240149765,1
0.515884455,0.681502021,0
-0.892690474,0.62964226,0
1.3336847,-0.613104687,1
0.23559151,0.13078994,1
-0.172914933,0.676680457,1
0.321278849,-0.570738886,1
0.147712322,0.028276201,1
1.446262291,-0.632169835,1
2.176460141,0.314021713,1
0.079635444,0.140131749,1
0.712706454,0.590082022,0
0.668516603,-0.379475307,1
0.838876955,0.284741587,0
0.779156619,-0.487091129,1
1.818624444,-0.163117332,1
-0.955767051,0.135880284,0
0.665173582,0.86257931,0
0.512289152,0.814049321,0
1.776990125,0.056445189,1
1.468852776,-0.203391485,1
1.09053971,0.224588687,0
0.949802548,0.421904058,0
0.460976737,0.870784515,0
0.412688516,-0.414035815,1
1.548767241,-0.316787542,1
0.649024375,-0.511392596,1
0.091379328,0.070459905,1
-0.86718924,0.482311785,0
2.107951443,0.520956416,1
0.021449994,0.312120733,1
1.92049261,0.325892375,1
-0.706784277,0.812885757,0
0.304448942,-0.257850447,1
0.830284409,-0.471613587,1
-0.900713986,0.630926898,0
0.448600989,-0.182890952,1
0.837631399,0.835573388,0
-0.829586769,0.3400223,0
0.751913894,-0.719117283,1
0.340621013,-0.212497026,1
1.77825642,-0.009735673,1
1.353559763,-0.245293353,1
1.834328297,0.192641347,1
1.085662167,-0.577825942,1
1.990244344,-0.070018963,1
0.574053487,0.421902552,0
0.703818651,-0.17221428,1
0.828052608,0.739040448,0
0.725827424,0.629930087,0
2.031109799,0.135527739,1
-0.019085193,1.204221621,0
-0.855325601,0.448132278,0
1.707726984,-0.227813474,1
1.180624379,-0.377753773,1
1.055341052,-0.038378972,0
0.840183085,-0.354411659,1
1.993918228,-0.238165944,1
-0.170511935,1.158167968,0
0.57622964,0.801472098,0
0.18871056,-0.166465866,1
0.64325526,-0.404639151,1
0.501667689,0.043357178,1
-0.787805336,0.654751104,0
-0.064417156,-0.172961077,1
0.896697611,0.526426042,0
-0.01913453,0.426816835,1
-0.228112713,0.344111835,1
0.314590415,0.753807236,0
1.824351734,-0.271629479,1
0.255311679,1.007660549,0
1.974342421,0.371902783,1
0.92021059,-0.143866083,1
9.43E-05,0.266009626,1
0.823050583,-0.594246022,1
-0.045101915,0.040979894,1
1.093673227,0.426931649,0
-0.44071518,0.992990263,0
-0.869584843,0.443550923,0
-0.854928492,0.342046676,0
0.08462889,0.300758032,1
0.08384758,0.794126215,0
1.121432114,-0.19468489,1
0.955387707,0.358806404,0
0.125292882,0.184832386,1
0.99260216,-0.15690003,0
2.124652053,0.311206503,1
0.311572405,1.004222963,0
0.230299413,-0.278834712,1
0.530817787,-0.463101638,1
0.580593941,0.422787409,0
0.619560922,-0.595058737,1
1.088999546,-0.285411747,1
1.957960481,0.255682216,1
1.243742714,-0.685864602,1
0.280994487,1.098806781,0
1.821794278,0.079519224,1
1.776075146,-0.050322414,1
1.00061452,-0.515879835,1
1.839929138,-0.063687525,1
0.313202021,0.759062583,0
0.905468158,-0.581342718,1
1.773148997,-0.388124481,1
1.991747675,0.520681765,1
0.240831633,1.213106231,0
0.887405723,0.495663085,0
-0.028096293,0.197800153,1
-0.426599386,0.991940382,0
0.157463313,1.13771758,0
0.718104165,-0.326757757,1
1.052514134,0.312413656,0
0.894628058,0.67097587,0
0.397712777,0.829195676,0
1.788079425,-0.154995757,1
0.221828426,0.840283152,0
1.908936137,0.217029707,1
0.319043705,-0.316433934,1
0.707473857,0.878660357,0
0.748490756,0.766292412,0
1.690355777,-0.374005342,1
1.773063646,-0.12299762,1
0.41995931,-0.403690483,1
-0.656026324,0.650731821,0
1.877961801,0.409886966,1
0.133109432,0.326426791,1
0.694117978,-0.070120777,1
2.02981434,0.450749097,1
-0.655778842,0.97068146,0
0.242305165,-0.073150819,1
0.444176074,-0.44595786,1
-1.070536201,0.23294536,0
0.072820955,1.116264737,0
0.128295703,1.00417745,0
0.257929769,0.054173384,1
-0.578766229,1.039919937,0
1.589137008,-0.422402011,1
-0.445393614,0.730924719,0
-0.355290245,0.532282851,0
-0.014852021,0.907294639,0
0.330694633,1.001519338,0
1.303287847,-0.492798799,1
0.788631786,0.626122164,0
-0.047589247,0.153985492,1
0.913973867,-0.509684555,1
1.031595942,0.718334756,0
1.226194298,-0.405206203,1
0.213836831,0.050096841,1
1.860067291,0.247576512,1
0.201400231,1.165028494,0
0.949649575,-0.333462481,1
-0.207716348,1.191502959,0
0.75749875,-0.587336166,1
1.598175019,-0.224583334,1
-0.179110549,0.891813563,0
0.025600715,0.928244406,0
0.773572618,0.6029804,0
-0.591656496,0.695120516,0
0.617957954,1.040362523,0
-1.216671575,0.219243277,0
-0.061323475,0.128290786,1
0.879364457,0.289585143,0
2.047503077,0.178216594,1
-1.332595886,0.084863471,0
0.659026305,0.675207722,0
0.261905584,0.728395718,0
-0.158197796,1.119535651,0
1.267753153,-0.354360704,1
0.626239405,-0.291087222,1
-0.76106046,0.168433289,0
0.150379723,0.269653422,1
0.584874219,1.075877834,0
-0.002320455,0.74321342,0
0.783093488,-0.350578731,1
0.619217131,-0.145868588,1
0.89333791,0.375963675,0
0.450762318,-0.2881638,1
-1.075823305,0.238984372,0
-0.120757752,0.826299339,0
-1.118697296,0.209659103,0
0.368951203,0.885595959,0
-0.699431045,0.970809102,0
1.832660813,0.118005762,1
-0.565193803,0.986109622,0
1.8547506,0.162320985,1
0.057920448,0.969461321,0
-1.23096361,0.024727626,0
-0.617342495,0.794598598,0
0.722012562,0.222428108,0
1.669580354,-0.32793272,1
-1.123294776,0.031496357,0
0.063920619,0.443415149,1
0.697374235,0.809604222,0
1.962070674,0.264695778,1
0.988398976,0.991636687,0
0.487546457,0.97526354,0
0.211190725,0.26912999,1
1.254591479,-0.625296854,1
0.719133425,0.692539036,0
0.089873948,0.041516583,1
0.65955132,-0.201873576,1
-0.678774806,0.179933044,0
-1.084958937,0.518054505,0
1.472094499,-0.350873083,1
0.772981541,-0.49146455,1
-1.043544773,0.332669304,0
0.77187959,-0.540185697,1
0.023317258,1.120976472,0
0.234990942,-0.31487042,1
1.846382504,0.250027365,1
0.821185715,0.901363685,0
1.81518052,0.135642337,1
0.090234806,0.45010532,1
1.894926203,-0.110346107,1
1.596281572,-0.201590315,1
1.617310733,-0.204946192,1
0.054855058,1.209079201,0
-0.739486222,0.784445259,0
0.132676745,-0.045760973,1
-0.357949973,0.86869518,0
2.199433401,0.264143426,1
0.645583359,0.843178244,0
0.666013115,0.740193353,0
1.754955094,-0.070793159,1
0.911306533,0.089669954,0
1.018074159,0.242499219,0
-0.220775702,0.620346402,0
2.087399283,0.048049457,1
1.719888637,-0.368075227,1
1.118588547,0.635352236,0
1.858021419,0.511174261,1
1.047201385,-0.279812256,1
-0.214613633,0.427978058,1
1.696965555,-0.335933909,1
0.10474701,1.16233483,0
-0.977543165,0.873360343,0
-0.051146261,0.889217657,0
0.496902294,-0.308782893,1
1.503208652,-0.568558656,1
0.67553294,-0.296849286,1
0.750943804,0.354993565,0
0.680014145,-0.693842215,1
-0.627355252,0.315041996,0
1.431702604,-0.555385336,1
-0.138145362,0.087980286,1
1.093909318,-0.66075127,1
1.097812939,-0.615351088,1
-0.539607258,0.680716894,0
0.513826768,-0.190920794,1
1.197785272,-0.417404633,1
2.120923306,-0.063811631,1
1.552596352,-0.300709432,1
2.02673729,0.370210531,1
0.165134923,-0.65377947,1
-0.273925893,0.910412654,0
0.285196536,-0.180517385,1
0.878775615,-0.352309259,1
0.277853818,0.63242935,1
0.16893013,0.927392348,0
0.832626566,0.785980908,0
0.118152031,0.454535068,1
0.24972682,-0.178228032,1
1.157209993,-0.393862161,1
-0.914486518,0.543640568,0
0.161262721,-0.133364156,1
0.310699329,-0.14890955,1
0.805415559,-0.456221696,1
0.501353219,0.631026399,0
0.366836368,1.174375982,0
-0.835749962,0.247602799,0
1.27204553,-0.545355553,1
-0.370032451,0.973459249,0
0.059717412,0.863648278,0
1.949320455,0.236563216,1
0.092724587,-0.118853992,1
0.648892703,-0.252908958,1
1.207814115,-0.448077876,1
0.035820285,0.419424387,1
0.592768346,-0.290811924,1
-0.522010732,0.837117951,0
1.299030014,-0.321473042,1
-0.776657767,0.433803362,0
0.121132304,0.186336161,1
-0.09274818,-0.022479987,1
0.679611917,0.84476539,0
0.970657736,-0.232859106,0
1.983917763,0.062564179,1
-1.158115489,0.26700455,0
-0.722797247,0.74297239,0
-1.019462006,0.142704455,0
0.226416632,-0.147934019,1
0.326530593,1.136906836,0
1.045506378,0.015194248,0
0.346108275,0.822038849,0
0.162228963,1.001793876,0
-1.178729204,0.022738416,0
0.145168112,0.310767823,1
-0.879030507,0.543790678,0
1.215722475,-0.541916945,1
-1.033919995,0.41435855,0
-1.020417329,0.424481617,0
0.951654899,-0.137814779,0
0.358115358,-0.381517728,1
1.669883993,-0.207865316,1
0.602495264,0.876704473,0
-0.662396468,0.575712498,0
2.061401854,-0.0290376,1
1.301237715,-0.420610342,1
0.605816293,0.816305128,0
1.316228385,-0.578818214,1
-0.431670795,0.777746219,0
0.778150629,0.01540972,0
-0.353583353,0.90955177,0
1.851822423,0.211199278,1
0.705365014,0.790027926,0
1.077651303,-0.457880826,1
1.103471574,0.336933996,0
0.102806098,0.27564813,1
-0.056660394,0.907533905,0
0.878060923,-0.091015332,0
0.382113133,-0.353267991,1
-0.567285227,0.862454537,0
0.468948404,-0.288370073,1
-0.370622,0.909573166,0
0.766376728,0.464193968,0
0.468121143,0.492558746,0
0.402281421,0.737673179,0
-0.812927149,0.475731994,0
-0.864229575,0.323070151,0
-0.340682451,1.248298712,0
0.808334524,-0.614329587,1
-0.259958308,0.880778811,0
0.407416036,-0.417826546,1
0.147999018,0.812088206,0
0.048369413,0.208543358,1
0.966522052,0.6706932,0
0.843058873,0.384889809,0
1.457731771,-0.274417405,1
-0.332096043,0.979472778,0
0.147811849,1.264357201,0
-0.159384655,0.805671966,0
0.955786757,-0.216963415,0
0.042657731,1.050654127,0
1.821584691,0.456787906,1
-0.763518934,0.010004317,0
0.69879495,0.647263507,0
0.686126329,-0.234737683,1
0.268623463,-0.330716435,1
0.466041994,-0.820904332,1
0.501908626,-0.404359892,1
0.955166928,-0.472745901,1
-0.701686872,0.203073125,0
-0.743672067,-0.112635548,0
0.11448914,0.947383731,0
0.406591025,-0.306933248,1
-0.88389608,0.390330397,0
1.812198196,-0.074933445,1
0.959880118,0.630884745,0
0.934344949,0.768531291,0
-0.66119422,0.635576317,0
-1.17079537,0.187934753,0
0.771863096,-0.53011509,1
-0.85031174,0.172503181,0
-0.193251183,0.901322383,0
-0.513487429,0.939931107,0
1.003296591,0.049788998,0
0.568858745,0.877509118,0
-0.804743676,0.795304955,0
-0.537569595,0.92453588,0
1.651178576,-0.001121684,1
0.304034458,0.557533527,0
-0.058027023,0.60959626,1
1.347536178,-0.54974245,1
-0.251448541,1.025363669,0
0.184287492,1.153328149,0
-0.020653979,0.973707621,0
1.133217576,0.742049748,0
0.639235461,-0.337887834,1
0.875902677,-0.486221075,1
1.708380171,0.261420551,1
0.730382796,0.624539844,0
1.946303479,0.07015012,1
0.951921278,0.524490872,0
1.070045758,0.116148738,0
-0.016873633,0.773882102,0
-0.351360762,0.681257586,0
-0.665145666,0.723199333,0
1.097748606,-0.420986192,1
-0.261876131,0.733047056,0
0.518793917,0.815637959,0
-0.912962212,0.352875705,0
1.442911256,-0.153899673,1
0.081543331,0.953805612,0
1.851700823,0.249090394,1
0.211162492,0.117632092,1
-0.105051075,-0.252761741,1
0.931902819,0.001130809,0
-0.093597526,0.820985776,0
1.939881423,-0.074603375,1
1.129081909,-0.543091152,1
-0.992482372,-0.054597636,0
1.55366704,-0.331309625,1
0.514272251,-0.212873448,1
-0.788627141,0.0253166,0
-0.419167647,1.05163899,0
1.78778496,0.385443947,1
-0.844230643,0.363425377,0
1.858403542,0.444374203,1
1.539767993,-0.585331743,1
0.659026585,0.765579163,0
-0.544472443,0.759658965,0
1.613728591,-0.355114744,1
0.273574291,0.98171554,0
1.068349102,-0.35482662,1
-0.749599243,0.546482132,0
-0.483397041,0.616307395,0
1.80048919,0.022472701,1
0.997582877,-0.065474864,0
0.126595758,0.410664898,1
-1.061759146,0.074488468,0
0.678203107,0.974132708,0
-0.886307522,0.698860013,0
0.031917597,0.15477389,1
-0.78975428,0.677330962,0
0.915884325,0.697809318,0
1.285167194,-0.485704103,1
1.292516878,-0.567817787,1
0.979758746,-0.33721166,1
1.418742473,-0.50414404,1
1.014011896,0.213170679,0
0.513486762,-0.50153933,1
0.252442216,-0.256445827,1
0.430389772,-0.601421025,1
0.574692146,-0.413810403,1
0.25428646,0.790898263,0
1.782877329,0.175070504,1
1.236129675,-0.487186522,1
1.174484873,-0.558952495,1
-1.06819468,0.24722961,0
0.005435685,0.325666007,1
1.638266359,0.60594676,1
-0.997172664,3.62E-05,0
-0.974123773,0.028263449,0
-1.080924461,0.118996533,0
-0.687504138,0.423086927,0
0.69266533,-0.431410197,1
0.139953582,0.09256044,1
0.409336497,-0.192397462,1
-0.907038015,0.733134965,0
0.274908374,0.881544405,0
0.422198164,-0.414672482,1
0.74368463,0.443067005,0
0.787518741,0.195593034,0
-0.116311732,0.13465287,1
-0.053403647,1.049589935,0
-0.596424477,0.873339555,0
-0.781140031,0.517148934,0
0.150997897,0.433308673,1
1.302417819,-0.303961127,1
0.846657298,-0.527558334,1
-0.170149495,0.07854917,1
-0.603195131,1.082579905,0
-0.27808619,0.75760741,0
1.227784344,0.404543229,0
0.391963576,0.358506275,1
-0.597538394,0.696236923,0
0.716880114,-0.545884572,1
-0.336841038,1.325748239,0
1.754918825,-0.05380319,1
0.396328862,1.053598773,0
0.158804187,-0.339303271,1
1.178654611,-0.330365525,1
1.112609636,-0.196796358,1
-1.268434813,0.181989118,0
0.240535739,1.069852674,0
0.702528848,-0.244580983,1
0.243410744,-0.242850325,1
1.070827035,0.239767408,0
1.479508409,-0.523537961,1
1.725790673,0.185034322,1
1.028921101,0.493105155,0
0.406423494,-0.342338155,1
0.252037996,-0.219028086,1
0.757114906,0.413248516,0
-0.356412481,0.816582298,0
1.724092776,0.517796875,1
-0.520854482,0.773904318,0
1.925543369,0.407536928,1
0.076360603,0.237377337,1
0.146823967,0.278200998,1
2.024918007,0.767641935,1
-0.506052701,0.911342136,0
-1.191778888,0.042195723,0
0.744324059,-0.570545725,1
-0.008726432,-0.04825806,1
0.06732252,0.935028348,0
0.588079614,-0.466287982,1
-0.910820271,0.271272541,0
0.358113741,0.842021464,0
0.539388272,-0.423421589,1
1.022642507,-0.343128822,1
0.165244984,-0.153970968,1
0.573599349,-0.00415644,0
0.750117491,-0.001674206,0
0.244516233,0.225015517,1
1.659356564,-0.380526257,1
-0.955545085,0.170823169,0
1.797731711,0.523651009,1
0.762467604,0.710448022,0
1.778549822,-0.06398467,1
0.809129646,-0.883729287,1
1.725315717,-0.451126809,1
0.681178324,1.004196627,0
0.628393595,0.851605095,0
0.551755839,0.859171199,0
2.094131182,0.40103319,1
-0.620043535,0.877883531,0
1.719148458,-0.155787829,1
0.36412679,0.816179101,0
2.230255498,0.041990913,1
0.223717582,-0.123791823,1
1.059026624,0.191936598,0
0.471882684,0.623670462,0
0.575506786,-0.255430335,1
1.151812155,-0.387928637,1
1.881691686,0.105762304,1
1.992003985,-9.32E-05,1
0.561667044,0.828072086,0
0.089815312,0.185758494,1
0.699406687,0.682779234,0
1.85261483,0.494895925,1
-0.00559924,0.125247254,1
0.690353704,-0.352583171,1
0.4619008,-0.251043138,1
1.009668686,0.47347956,0
0.551822516,-0.416600554,1
0.507701095,-0.164904676,1
-0.37707213,0.871715054,0
-0.752074689,0.512643623,0
1.506954084,-0.570977064,1
