-0.9596983188210647,-0.00091504891072694,0.0
0.4268782590506067,0.2497389485458608,1.0
0.3215804601071641,-0.9094652834072097,0.0
-0.5580660151532149,-0.4389919906168149,1.0
0.237975812799955,-0.9640497256710412,0.0
-0.12763058060959503,0.4804292632128756,1.0
-0.49762348053245586,0.3324442670390516,1.0
-0.5585525334378367,-0.18646627808288777,1.0
0.871880445538689,0.5402856348925115,0.0
0.6551325146400951,-0.29068145601485046,1.0
0.36374487760194063,0.4663556083717869,1.0
-0.27307833136965215,-0.9310509515443989,0.0
0.190998405378423,-0.6169449937877222,1.0
-0.4505034722541421,0.131588543309589,1.0
-0.359527126442761,-0.5418848009481256,1.0
0.03172754521966492,0.5165249836430824,1.0
0.6876225388051416,0.15779607359523,1.0
0.6125761899426077,0.417423134697206,1.0
-0.5611623617371188,0.1501028155370086,1.0
-0.42022148842293017,0.5258585435419435,1.0
-0.3431667578288907,0.6095807945818327,1.0
-0.38077856595872805,-0.5157187205698651,1.0
-0.19791545736310642,-0.8780682881606537,0.0
-0.7703137841326115,0.20832295978824608,0.0
0.6722399141704968,-0.05852889036278255,1.0
1.0514976655085175,-0.039194105488051745,0.0
0.918325431022947,0.42444475235518797,0.0
0.8572628665895092,0.5908063742956388,0.0
-0.3281746108478201,0.6317204402183145,1.0
0.23108069679194396,0.46489653108049334,1.0
0.12821707505952445,-0.5410797357856431,1.0
-0.42259697479553227,0.34699368137523223,1.0
-0.6573297935180773,0.7030071907356708,0.0
-0.6644240298651786,0.8275386374492592,0.0
0.5415095633131781,-0.8076807225255808,0.0
0.33894559258400325,-0.7827717986317841,0.0
0.8684942374990701,0.16523696164569251,0.0
0.9349691624316803,0.1956276940982478,0.0
-0.41622214893853426,0.8598950748317046,0.0
-0.8592660708545471,0.37870022448199053,0.0
-0.38693931600055986,0.30808733355941775,1.0
-0.01874824408104951,0.6712982084692531,1.0
-0.4299710068213582,-0.34518970455493475,1.0
0.41732343304826547,0.5647802435326069,1.0
-0.9367147544325256,0.5354335150030519,0.0
0.6080776581847547,-0.731325222292282,0.0
0.46376663712846944,-0.9601146908915728,0.0
0.6350847018157071,-0.4770915459106519,1.0
0.641497810687403,-0.03199653213240282,1.0
-1.091875752502189,0.036616681132161724,0.0
0.6869446481504006,-0.12066700104623318,1.0
-0.7949107809430799,0.8753621628583104,0.0
0.628450475229621,-0.3169387004446554,1.0
0.32467178738669666,-0.4603300342633922,1.0
0.35453620408129755,-0.49377950852159086,1.0
-0.4858239599609156,0.36296304415648317,1.0
-0.833214902623833,-0.46820943912381086,0.0
0.20538984988162756,-0.5745849027116857,1.0
0.32144313064448904,1.029101280735479,0.0
0.8079025053954079,0.59003079944228,0.0
-0.9299277104441468,0.4020423910647347,0.0
1.0619087424487554,0.04123677558364595,0.0
0.27991039004495144,0.5279085259136854,1.0
-0.2218774354365266,-0.4805935609192013,1.0
0.4923522545742726,0.4903117559361533,1.0
-0.5471810015435098,0.016674704930484105,1.0
-1.066632622717997,0.06783787505009378,0.0
-0.128318151474582,0.7555637710849127,1.0
0.7314476535805461,0.3013602978755622,0.0
0.5383694005626902,-0.0882210836094465,1.0
0.9713402660491588,-0.5902395373643999,0.0
-0.03574770542606648,1.0358312696833984,0.0
0.3055552049709527,0.5633560017322796,1.0
-0.8054777472573865,-0.7129447212510547,0.0
-0.2330196661204701,0.5547302826355718,1.0
0.5587419445463672,0.3126603178516585,1.0
-0.014446759054810646,-0.5782349710094161,1.0
-0.5009181723594128,0.8139019258111932,0.0
0.5661675076129374,0.13927275463844752,1.0
0.34755699730413847,0.8844237372695911,0.0
0.7663967848075116,-0.779768432717388,0.0
-0.6906715689310404,-0.397099672407991,0.0
0.952170423503234,0.14427370595799038,0.0
-0.2821991972201642,0.4956180254939866,1.0
-1.002930725422395,-0.18386664575309802,0.0
0.9641735052612552,0.041989759997243456,0.0
-0.3990458022544009,0.6194620664538798,1.0
0.2993529049695076,1.0671972484063343,0.0
0.6093241750689075,-0.12301834973552626,1.0
0.5043428107395782,0.46238032862954903,1.0
0.7355298176127552,-0.5993258531136055,0.0
-0.19857864864925523,-0.6979809221986654,1.0
-0.5626052377687518,-0.48597937398205915,1.0
-0.32993639973531086,0.48877590512960256,1.0
0.211553207164163,-0.5217971745061408,1.0
-0.3817620054471582,1.0514961340667424,0.0
-0.24177472105554998,-1.0023756560572357,0.0
-0.6165553920432556,-0.08651440871812094,1.0
0.7658059491152299,-0.49293534846774395,0.0
0.3786986738989141,0.5082529301970271,1.0
0.9063322848161903,0.07218816169718406,0.0
0.729067797279077,-0.7258229055793941,0.0
0.6878646757755311,0.23911161838816272,1.0
-0.9599518492255456,0.2973533123561923,0.0
-0.2911931970463696,0.9008957830809947,0.0
-0.5076509404248205,-1.0103069969473069,0.0
-0.5279561445700357,0.24167795805534031,1.0
0.10820773193421407,-0.6440882242979458,1.0
0.018883395982398493,0.35510003001036805,1.0
-0.9239977783661385,-0.0686247208053938,0.0
-0.5534409937353754,-0.8229963261426645,0.0
-0.491603192807856,0.08950493420360259,1.0
-0.9673492308382999,-0.17040597188888318,0.0
0.9457011444202488,0.2763215008099021,0.0
-0.4743091208830862,-0.08187414693945844,1.0
-0.5168964364720743,0.4365993849153829,1.0
-0.9039116681939766,0.1656561880537538,0.0
0.5635830283133174,0.42219490713517716,1.0
-0.6364111306144361,-0.13044138238554895,1.0
-0.7387595080128146,-0.6358962593468419,0.0
0.2642294077194101,0.45730386513489946,1.0
-0.22626294711775893,-0.8513033497046081,0.0
0.3590004482882449,0.13781722318382256,1.0
-0.03597045591074145,-0.5766081842016947,1.0
-0.8951754990839158,0.45223816751881374,0.0
0.06474213806802732,0.5747624425834095,1.0
-0.349399343312484,-1.0137520227402628,0.0
0.8223489542102855,-0.37194844123197646,0.0
-0.8493076839023839,-0.49515290475186013,0.0
-0.8655082554844283,-0.5140065909812243,0.0
0.8906375396299199,-0.4500359097228534,0.0
-0.05999721893680038,0.7559399244307359,1.0
-0.23666863071249994,-0.46786035842081486,1.0
0.38530674321211555,-0.8615190762410296,0.0
0.9960117045514442,-0.0333341213790883,0.0
-0.21447035086263766,-0.9018371052053336,0.0
0.7330837534969873,0.46500862609185617,0.0
-0.530588401092816,0.3359582087996164,1.0
-0.4873797420630681,-0.21264739420927792,1.0
0.14568761075964035,-0.5268660728523851,1.0
0.42697594084496704,0.41405556322604364,1.0
-0.5295660884690695,0.13831059985894686,1.0
-0.9586373594642759,0.2015194653417633,0.0
-0.9567727436870644,-0.3218008061731209,0.0
0.43891020682506293,0.77112082595149,0.0
0.07120391714174835,-0.6787474239883704,1.0
0.6979917714859889,-0.7269938242530324,0.0
-1.0169931181581104,-0.2837647771369674,0.0
0.07577274382780225,1.0308371663442115,0.0
0.5016151541999474,-0.8339571273742377,0.0
-0.3649941305415027,1.0020639805467788,0.0
-0.8302330050056781,0.5141594404988427,0.0
0.8947830818656817,0.5074611517920974,0.0
0.02445323447206943,-0.6788932849019585,1.0
-0.5323737941800083,0.14303880413924108,1.0
0.5357810471466643,0.2565881812481427,1.0
-0.3532053644075514,-0.42001073770982833,1.0
0.40545896436694595,-0.8796830725245404,0.0
0.7775771644447764,0.5947226643488787,0.0
0.4460873296110938,-0.9644775112067411,0.0
-0.39228871309132923,0.5661734396784645,1.0
-0.056536155218867026,1.0862905517565655,0.0
0.9553646119315828,0.38956673785893076,0.0
-0.4513834066209938,-0.920200889437454,0.0
-0.9518309462880609,0.401060144068677,0.0
-0.23220596256269704,0.9506025293482838,0.0
-0.6439993641255937,-0.019142922534125098,1.0
-0.3313025172132301,-1.113589792794585,0.0
0.9498975319282497,0.35568886909725717,0.0
-1.0433610265419255,-0.08723699708769468,0.0
0.12163509533579855,-0.4136686702176242,1.0
-0.03838588682822379,-0.46126201144901063,1.0
-0.6954556664460201,-0.8907147777304243,0.0
-0.42057243549901757,0.4353207960239441,1.0
0.029342896510397495,-0.5666149295927552,1.0
0.4220238315526185,0.8966347888875507,0.0
0.3217408408118165,-1.0166525213865547,0.0
-0.36825285769423,0.9122136719814901,0.0
0.5791814245678208,-0.29399786665233263,1.0
0.4512007692229972,-0.28235320401207037,1.0
0.20234696672443298,-0.24783168084245982,1.0
-0.25307634234491605,0.9571142260819377,0.0
0.9740395470781267,-0.31694627692632704,0.0
-0.22906814297100403,-0.8507795507179532,0.0
-0.9135438358510983,0.11608669994196896,0.0
0.5402839839975061,0.4231897137119044,1.0
-1.0591113465899216,0.010231284187507822,0.0
-0.23705520547187803,-0.4519474351516388,1.0
-0.8357032666592881,0.5701770916515986,0.0
-0.6239598449300303,-0.38381145258086985,1.0
0.370730045316272,-0.51354850268848,1.0
1.0090328154647068,-0.3189781210115897,0.0
-0.7070561891148804,0.25573921380560427,1.0
0.31877419984432376,-0.38047833436099127,1.0
-0.5596401865659605,-0.04800736203647221,1.0
0.8491016795721316,-0.44204507613631483,0.0
0.15412633241251975,0.4710884363819687,1.0
0.49811993297553614,-1.066909407832782,0.0
0.2060422732071933,0.5460252058107602,1.0
-0.6117674753022144,0.27293622239835785,1.0
-0.075964082382769,-1.0837789448105861,0.0
-0.6886137951593678,0.28606786550939745,1.0
0.12361841640767605,1.0521059611640056,0.0
-0.8937642779719366,0.16688484512754254,0.0
-0.4588870641626024,-0.3700591695802512,1.0
0.5780020933242861,0.05732701547045978,1.0
0.23875075524579148,0.5967402483471352,1.0
0.4163513850104086,-0.7123435334132391,0.0
0.8499392821375377,0.517596721716507,0.0
0.43959804702166505,-0.9759088296663351,0.0
-0.7362277297779121,-0.3416043933903954,0.0
-0.9132089844312694,-0.6134017848688214,0.0
-0.33630248920561556,-0.5968099919853204,1.0
0.2449760346170684,-0.6679604841750316,1.0
0.44375872098005653,0.8938016287734296,0.0
-0.8624628926686876,0.5880044501043814,0.0
1.0026788704299896,-0.4171118423533665,0.0
-0.45168249091341955,0.8127403743755394,0.0
0.4767384271861108,0.9872145556078944,0.0
0.6003507203146825,-0.09845550020789023,1.0
-0.05082173470448643,-0.6606676398528355,1.0
-0.9160699400381529,-0.30532318824042404,0.0
-0.2829399052709168,1.11497928271202,0.0
-0.6641702804802847,-0.3939421356479691,1.0
0.320198753024785,0.4906184074191282,1.0
-0.2579915771896117,-0.3843999297873756,1.0
0.4465393924924669,0.8045107102589706,0.0
0.8261391759191807,-0.40620557257332857,0.0
0.32958818854949445,0.6225223225262813,1.0
0.7689976201903465,-0.5741868362998643,0.0
0.8675603058626653,-0.5621251042342957,0.0
0.3958251958291616,0.9390961041540048,0.0
-0.06645609863242691,-0.6346833518717492,1.0
0.852940001929076,-0.19086497081819234,0.0
-0.8883123795225035,-0.24624466134689282,0.0
0.4683319149554837,0.7657239767980462,0.0
0.15939449558661942,0.5623411187067359,1.0
0.032934186046284966,0.5171940222136768,1.0
-0.7189718905560509,0.8789622537756261,0.0
0.020706902390492832,0.4956084946059388,1.0
-0.433315900970065,-0.7223915708554484,0.0
-0.09557666791749372,-0.5866037542467374,1.0
0.5522031690870272,0.2318956647329062,1.0
-0.6016116568439519,-0.244781042691939,1.0
0.7874225270156745,-0.6753809089833976,0.0
-0.42086330489626056,0.5088376422569055,1.0
0.490200629391794,-0.40324582311268614,1.0
-0.8378564221553427,-0.5389945690306341,0.0
0.2413553214820883,0.6228645424786736,1.0
-0.02437872888212607,-1.0295544350009158,0.0
0.870243204326234,0.06762546854139921,1.0
0.10842694240574904,0.6923719442385016,1.0
-0.3500051416262602,-0.4419756105460416,1.0
-0.3129286174258717,0.5053821262088751,1.0
-0.5947519263928748,0.03273792347241009,1.0
0.5185009878815158,-0.43721669038985256,1.0
-0.5611328153149713,-0.8412326476979767,0.0
-0.5695125176767856,0.5750604924587921,1.0
-0.03190641679928443,-0.6965708002314789,1.0
-0.16672231223925582,0.8911983181627374,0.0
-0.4139845063323875,0.30047890547673756,1.0
0.6660305271498119,0.6660140423944455,0.0
0.48656583743718373,-0.3934220468671036,1.0
0.37438760386080766,0.41419696931563643,1.0
-0.3540256546711805,-0.4115485787252592,1.0
-0.9786864353548163,-0.22209519037022354,0.0
0.2534665005500616,0.5868993169436059,1.0
-0.7381256276028968,-0.24375690432998007,1.0
0.5838759369421352,0.35716129665724383,1.0
-0.03783999688082254,0.5525793669221677,1.0
0.835424558033262,-0.651335776288096,0.0
0.5097650450231295,-0.33204684404768825,1.0
-0.09594458839381528,-0.6352528337616009,1.0
-0.7849595502627587,0.5884313443832956,0.0
0.4729029048044041,0.9451563332886179,0.0
-0.04610074030966806,0.6727163841516983,1.0
0.45241792046333723,0.013033182695669117,1.0
0.9650243779134174,0.5877376927525634,0.0
-0.5604385075057299,-0.13744024181398018,1.0
-1.0509906439910797,0.35973583206701865,0.0
0.48296492386119905,-0.4402308779058599,1.0
0.3895125806836611,0.38337601538952276,1.0
-0.7745574586053342,-0.19777401865928015,1.0
-0.49696060870037173,-0.8895689866361816,0.0
-0.4006854555681189,-0.8113899939557223,0.0
-0.11151642901943887,0.37660274378484304,1.0
-0.026470484384627894,-0.594349793570668,1.0
-0.5119950942761238,-0.409723365001661,1.0
-0.6609255925312231,-0.002339226811175793,1.0
0.7551275571408296,-0.5794342066070244,0.0
-0.43003521882910306,-0.4413814355454455,1.0
-0.4076216521320947,0.6218738698274462,1.0
-0.011216526950556083,-0.5528834919672099,1.0
-0.3008475282921072,0.5016307454978091,1.0
0.5399734250510136,-0.08699426233064,1.0
0.36797162163310865,0.9083909766263285,0.0
-0.683938220041784,-0.48920118548501146,0.0
-0.9881823429142396,-0.5685801098300789,0.0
0.020124296358520047,-0.7413779941404111,1.0
0.5587723602945532,-0.30582302888657487,1.0
0.9787788547371925,0.07256719665565649,0.0
0.7867137288348884,0.6975221556871403,0.0
0.3138210477869736,0.2810106380243308,1.0
0.5379573685095554,-0.02706274344356782,1.0
-0.30834753683135346,-0.8790249734727003,0.0
-0.17193287355775763,0.9900529467707739,0.0
-0.1460183312560042,0.28573948640211366,1.0
-0.5318007557923827,0.2792804537465233,1.0
0.20643741476764604,-0.2992459277442777,1.0
-0.9609065887759726,0.21636731192175823,0.0
-0.30480798356595984,-0.9186186410770952,0.0
0.231289456711753,-0.5170168092648421,1.0
0.744944975567797,0.4761266925912875,0.0
-0.660403301526276,-0.11100071203713585,1.0
0.613469454160473,-0.22893520885795243,1.0
-0.4593381653533549,-1.0173297768329859,0.0
0.08468588622807033,0.6418179973403524,1.0
0.4941199279911455,0.3218909230043692,1.0
0.6562580598437482,0.051614848757655485,1.0
-1.0125511948226917,-0.012923197211083363,0.0
0.13649687631664748,-1.0006571670770514,0.0
-0.7974996849800181,-0.47989064783490654,0.0
0.1156717076112434,-0.4540901525483608,1.0
-0.8946147464110407,-0.3698476960413468,0.0
-0.793516129544829,0.5754953390799217,0.0
0.5361879561854801,0.9958640241167345,0.0
-0.4516064004662352,0.4593654362852292,1.0
-0.44654586300676635,-0.2232409323340293,1.0
0.42274550563243013,-0.8514334042466256,0.0
-1.0036983593151263,0.40066735076033716,0.0
0.10127075929190425,-0.878104785559377,0.0
0.2239658460605506,1.1575181117609474,0.0
0.6054860669520217,0.2412428815986464,1.0
-0.09852571659096039,1.110793695098306,0.0
-0.11140600458273502,1.1578750647544107,0.0
1.0163298776639333,0.23725521935123656,0.0
0.7091351999842517,0.8084998803462297,0.0
0.7530921726571363,-0.7268441630811129,0.0
-0.26988931910788394,-0.6344008251132622,1.0
-0.45522558016611103,0.22695485438646013,1.0
-0.5166875951214258,-0.2951499569577551,1.0
-0.1607118782141672,-0.9496520339857756,0.0
-0.39486115607616723,0.35249052315080664,1.0
0.0966511350990833,-0.9472104435523143,0.0
0.8871582241580783,-0.5992327227183112,0.0
-0.23376191593301307,-1.0685825920690972,0.0
-0.37124896483725045,0.49793731410565334,1.0
0.02016645011094371,0.9886990313667325,0.0
0.48275375579575636,0.1859273968123471,1.0
-0.629905930401028,0.4096764785470456,1.0
1.0089429321016774,-0.13106929928369032,0.0
-0.5654711486251632,-0.12800996690510713,1.0
-0.13893222075576303,-0.9435776515361987,0.0
0.7313005498543549,0.19353160522630225,0.0
0.24352840864060596,0.37588000277087735,1.0
-0.9580236753404389,0.5855347692778866,0.0
0.6203273685452261,0.27574132802074625,1.0
-0.4216334161666575,-0.9500169259307829,0.0
0.4397196704272107,0.04432893725011912,1.0
0.7009325210742923,0.16181804419767767,1.0
-0.12020663504674386,0.575853300038117,1.0
0.3911324429664551,0.9486715211125838,0.0
0.009372022286508193,-1.0060895063489834,0.0
0.2558983132001244,0.5334383948780113,1.0
0.09616737774213911,1.0286102739860783,0.0
0.05183946203159799,-1.0791729868954503,0.0
0.9906230802081063,-0.2140237246182362,0.0
-0.5052304739357741,0.09295346396473178,1.0
0.2318010432806049,-0.9952335465467307,0.0
0.4655658215385834,-0.35804249797139615,1.0
-0.09437124229971981,1.0074064694213396,0.0
0.6070829220479947,0.6067996889893678,0.0
0.09471840930663557,0.5926063200736438,1.0
-0.11675172825800584,1.0345711229237693,0.0
-0.22005377033733856,0.5665378341976757,1.0
0.08350644292604098,-0.9801764297851963,0.0
0.648476804568313,-0.9504063762334192,0.0
0.18964165752011852,0.5475495081810609,1.0
0.5260618465028393,-0.6541421405324346,0.0
-0.6375533977144453,-0.75871752625944,0.0
-0.11512272346597044,0.6171568741474934,1.0
-0.4697436283070715,-0.9330138450681408,0.0
-1.1075824468024116,-0.3082563268112311,0.0
-0.9628632817136504,-0.061308255571788275,0.0
0.27994750231889687,0.5722717503442055,1.0
0.27007680240498205,0.4219327086075351,1.0
0.0800873811487774,0.7484483358607843,1.0
-0.922317221609738,0.3146849746588455,0.0
-0.5084541537245546,-1.0736710965795617,0.0
0.8688244821248502,-0.46815786357720174,0.0
-0.7032087550511742,-0.7661206058866814,0.0
0.47511659504677334,0.08285294276212714,1.0
0.5289429848087777,0.33115969692932057,1.0
-0.6048715178257185,0.003618957368795077,1.0
-0.6094298084625811,0.14171425743770533,1.0
-0.6586263377358544,-0.9450034764268335,0.0
0.8495525036595697,0.30750393416146443,0.0
-0.8117938126526485,-0.47028994178810163,0.0
0.49896690723606224,0.2370798154702225,1.0
0.5971783725769245,0.12922719609188776,1.0
0.2502639093419973,0.5707348540603229,1.0
0.052230271403133306,0.6808363272520518,1.0
0.15651664234469695,0.9702825036291334,0.0
0.6064410046887095,0.04879824817825627,1.0
0.9176915328712537,0.5310247889826997,0.0
-0.49911282333886486,0.9069131361755984,0.0
-0.8791598657848372,0.42228480200161767,0.0
0.21917746010257697,-0.5797755475378206,1.0
-0.15485139725113384,0.6467341876219351,1.0
-0.6686547748405987,-0.7745251979425627,0.0
0.17881090481081371,-0.8276572143389344,0.0
-0.9059381576937318,0.5281512839378043,0.0
-0.9569215331246964,0.19151712839514473,0.0
0.10209065033193074,0.7348644644304162,1.0
-0.4615459314436322,-0.8170196014998844,0.0
-0.9877373319227954,-0.4293976987547348,0.0
0.8107568151912676,-0.23003002238384662,0.0
-0.8647706235949312,0.6206950771966303,0.0
-0.13874615734351625,-0.7319655237375932,1.0
-0.5795390494424073,0.34335942601618485,1.0
0.5939203933885286,0.22537838474671035,1.0
0.4230685745919261,-0.49880075023351933,1.0
0.5441123064379124,-0.738884601886502,0.0
-0.6408669929532982,0.6897991430987798,0.0
0.9998834744983314,0.24805608113211208,0.0
0.5185302109820604,-0.26532155416303976,1.0
0.5317177673978534,0.3461565883176033,1.0
0.5385893650677174,-0.21377361176606977,1.0
-0.6110998373473667,0.8454684968884705,0.0
-0.2589678692633484,1.0053453699459127,0.0
-0.6321440061384772,0.038535839221544146,1.0
-0.15961289066187143,0.6455669591898886,1.0
-0.032686223358713073,0.9443347355662093,0.0
-0.07954376146876083,0.5486201426787708,1.0
0.6811271882929849,0.05447669482489756,1.0
0.14402495365253795,0.9821361870350546,0.0
0.8881926576166217,-0.2596581516773561,0.0
-0.3304404183597873,-0.4665596811923155,1.0
0.5200618004000542,-0.7880109847762328,0.0
-0.20232816647913143,0.5263005479026956,1.0
-0.6194224645730081,0.6677751911475603,0.0
0.9818607191824464,0.4081826204280353,0.0
0.33395251628450595,-0.9969435372164178,0.0
1.0495061002842718,0.058462967732226714,0.0
-0.9404908311235387,-0.17751051868037723,0.0
-0.1422107906030452,-1.0013654623949009,0.0
-0.7660376705907675,0.7497052948905576,0.0
-0.24394275180886726,-0.4333844505591705,1.0
0.6801600880439758,-0.6590303368024885,0.0
-0.3947888596018035,-0.369716561057834,1.0
-0.9013124627918322,-0.37965063825441214,0.0
-0.9023417350568901,0.4696905002964182,0.0
0.5728892107289515,-0.26853683714301535,1.0
-0.8764072294821481,0.7204733212632379,0.0
-0.3439691273081649,-0.34209058855954444,1.0
-0.6177572944058226,0.10559301527991871,1.0
0.3890495624493984,-0.5099366366158611,1.0
-0.5161990826204208,-0.7906367164536408,0.0
-0.16690868610212917,-0.49548425722442335,1.0
-0.5177819027625774,-0.08333993437454663,1.0
0.7698091545354793,0.7223961070886815,0.0
0.4504230469392305,-0.3814975229075373,1.0
0.8177117680815302,0.6720865997740111,0.0
-0.4195555424726418,-1.002715254073861,0.0
-0.1383202639682004,-0.9896432752576402,0.0
0.37973174846047497,-0.5585383110744603,1.0
0.8590017655899258,-0.3716188600542349,0.0
0.7280810392872776,-0.8504812095120665,0.0
-0.36438047153562625,1.03808135736048,0.0
0.5322132535733347,1.0346752189042432,0.0
0.6238276537630534,0.08302478574436252,1.0
0.2575019629972439,0.9968918658298324,0.0
0.39753900108922957,0.6319369376383536,1.0
0.9257552349463967,-0.7058262541000146,0.0
0.36640313163234106,-0.38750086427140895,1.0
0.9529218353104372,-0.1880342026816461,0.0
0.7399464461658692,-0.5864499043247869,0.0
0.07903680924622687,-0.9701821177278315,0.0
-0.8238929837581498,0.5061702253361291,0.0
-0.6238819180008337,0.8711732494605731,0.0
0.39787581206163436,-0.5161500585544399,1.0
0.36409552812962404,0.26796289139143387,1.0
0.48610168971225975,0.30877120787441825,1.0
0.01436850239786171,0.6728840096164062,1.0
1.1401141029528332,0.1538281895427352,0.0
0.984631112251308,-0.1245810509239876,0.0
-0.7272816266481192,-0.46902104751137014,0.0
-0.474285837790248,1.0470631462580196,0.0
-0.9923091873269314,0.18718047245862346,0.0
-0.6714743095469771,-0.5927104110081025,0.0
0.26935281100291597,-0.43786104172793916,1.0
0.9484036955190062,0.47602291448512396,0.0
0.07198839657166946,-1.085040185094067,0.0
0.256639009089337,0.6221293575883601,1.0
0.22841055031365115,-0.4360583175333365,1.0
0.37036734959567574,0.43328076559502726,1.0
0.7985556652841991,0.7894332147257427,0.0
0.7337711610342021,0.571800809469278,0.0
0.5341977656280543,0.801688922793607,0.0
-0.8021936852381721,-0.3110555866901978,0.0
0.949260886355898,0.44881834550392397,0.0
0.590547371926204,-0.7609918406775742,0.0
-0.019399179704707815,-1.0962219982581205,0.0
-0.746934086716903,-0.4524834396717754,0.0
0.3851789225767947,0.7335304843020881,0.0
-0.1482871042424167,0.8766051978344821,0.0
0.44109635085501314,0.33129969279905513,1.0
0.5721850008944224,0.4186796121817526,1.0
-0.12796712278907518,0.5606600366502569,1.0
-0.25484936429538657,-0.8608151545883956,0.0
-0.24499568548739298,0.6699098330506172,1.0
0.9971090690379635,-0.002262814595417384,0.0
0.3593196440905174,-0.9765488302945288,0.0
0.8467887104441445,-0.5151499545117669,0.0
-1.0337359998892657,-0.03718752557807667,0.0
0.5667473882588693,-0.019281842539732336,1.0
0.21987327659814268,0.5597782147504524,1.0
-0.8301514232615105,0.5642809109768571,0.0
-0.1354689020627285,0.6569237095248711,1.0
0.015010323458898384,-0.5308493671912958,1.0
0.2552294216214257,-0.4064400222973403,1.0
-0.30291175785491564,-0.3767201853242731,1.0
0.6090941675329232,0.886864962656116,0.0
0.009197028401327023,-0.5576029334855118,1.0
-0.18504085318947683,1.0278741659761004,0.0
-0.5548417210230115,-0.32558534868820943,1.0
0.11867323183394163,0.643011325998918,1.0
0.5055355951520306,0.49308148668821195,1.0
-0.5083981710382005,0.2301300113738418,1.0
-0.5137549615300311,-0.877378017773342,0.0
0.9453465627194997,0.4100574962257953,0.0
0.28972265066766023,1.0804461304610558,0.0
-0.37409028472262346,0.5276727275722797,1.0
0.11250590246471756,0.6137170739949735,1.0
-0.4615717430241056,0.7923531136383688,0.0
-0.2480029004953106,0.3625528504467093,1.0
-0.5505181846912672,-0.7578202445055492,0.0
-0.6217467897240816,0.22245442919899855,1.0
-0.30736525511096235,-0.5455779035227284,1.0
0.2915577751226773,0.43838527195020677,1.0
-0.2492711067164336,0.9910299358084673,0.0
0.28299279786916814,-1.007259942029222,0.0
1.0782939902811008,0.07036202416162443,0.0
0.22663711872586445,0.8870231222611921,0.0
-0.537682451987172,-0.42513870198786086,1.0
-0.3910970835797095,0.5352864940421818,1.0
0.5095837245264424,-0.27941074984251524,1.0
0.41293712587026093,0.1734345343287784,1.0
-0.5153537598926651,0.3313313277615975,1.0
-0.7113239777600654,-0.07367795303179042,1.0
-0.7751902580964849,0.5376446171304189,0.0
-0.18826919718773885,-0.9239436969813956,0.0
-0.9512271815346671,0.24749805171643463,0.0
-1.0062770135035177,-0.2408989747218951,0.0
0.8527345995098524,-0.5522053801014047,0.0
-0.23986702648262476,-0.6555432826341654,1.0
-0.3840264959574621,0.30292685419621024,1.0
0.4346422201018789,0.9191099210929399,0.0
-0.1643497483975248,0.5421499075780765,1.0
0.35580341674735266,-0.5480975133909061,1.0
-0.8366624442389471,0.5324238853473704,0.0
-1.0814169893276824,0.44463104202652953,0.0
0.5610222577158531,0.3619241898771181,1.0
-0.544048121956232,-0.30641777019380156,1.0
0.5453639309162969,-0.5026916239644127,1.0
-0.027462442787092374,1.0327756696865193,0.0
0.15748989668727853,-1.0695377041784628,0.0
-0.4805720772129528,-0.29351606169325906,1.0
-0.269495311790632,-0.45610311420913563,1.0
-0.25149252509883063,1.0133650205739224,0.0
0.689696952698833,0.0660331447994253,1.0
-0.6249508310531247,-0.22335622880292633,1.0
0.4977082698085842,0.9173549436205056,0.0
0.27531389681726026,0.4704783198884454,1.0
-0.5395904437857713,0.2146707927049778,1.0
-0.098246119934477,-1.0814163698353303,0.0
-0.47585758530895417,0.33578373876071815,1.0
0.8973943166448242,0.10992222726333292,0.0
0.5126345062255471,-0.17301340668384882,1.0
0.42593641639474755,-0.8294311958810209,0.0
0.4844331906448928,0.23417097052054567,1.0
0.9668920106997676,0.24611685763106922,0.0
-0.46739546176255214,0.11776361851407419,1.0
-0.37103300165394026,0.37354733507764515,1.0
0.4420008077762922,-0.9166807335232497,0.0
0.09460259857144415,-0.47827606943418055,1.0
0.33310879719174374,0.33305283877773206,1.0
0.18129943383022987,0.5713533467337255,1.0
0.813243144025122,0.8093853311100769,0.0
0.723305125156471,-0.6865468293671374,0.0
0.5700554836993473,-0.09016510009884207,1.0
-0.6035993213133645,-0.02158977734123782,1.0
-0.7448040069162947,0.755423376991906,0.0
-0.14333846152307123,0.6547409471478737,1.0
-0.9777713211741446,-0.17813868575445768,0.0
0.10795352348068472,-0.9418506005775451,0.0
-0.6396963821760203,0.1713184474507688,1.0
0.6294180591716347,0.7864559964862505,0.0
-0.9863259852616917,-0.5024104780239987,0.0
0.224470017881365,0.5938797262227147,1.0
-0.9770449794651296,0.08569594256440674,0.0
0.46820059152437515,-0.31912542008885814,1.0
0.45090709605510826,-0.9078889217958372,0.0
0.2722502144941781,0.8986011842068237,0.0
-1.0928343977951471,0.07792393924449585,0.0
-0.08019122735882299,0.6160856517000212,1.0
-0.8585896762744473,0.3897565265440939,0.0
0.5623490762516771,0.10060205234469777,1.0
-0.32885504145731975,-1.0522059781820614,0.0
0.41088562929636374,-0.2954122465767384,1.0
-0.42933521007410025,-0.39818829796065336,1.0
-0.14609026471567227,0.746958559450042,1.0
-0.5451100342253165,0.7213501966204341,0.0
-0.06764081059716388,0.9453987144148445,0.0
-1.0008153796210928,-0.21941996920266257,0.0
-0.6284676631891013,-0.023682044122700842,1.0
0.7368225972948474,0.6255785358408718,0.0
0.8600975137676201,0.34655863578020807,0.0
0.33898425114017017,0.9422859837238444,0.0
0.6584431300645821,-0.22792593039880318,1.0
0.5142460141476833,-0.18468185985664032,1.0
-0.5506503028159402,0.2960468023778905,1.0
0.3231385810883587,-0.6269577208417334,1.0
0.5578845439759105,0.8538115553471038,0.0
-0.4172420918758575,-0.583882044507462,0.0
-0.35289531536251867,-0.30061685465092236,1.0
-0.3995577442829793,-0.3679258610794113,1.0
-0.3609620414526506,0.7079689911689485,1.0
0.7376266182658431,0.6250872475502707,0.0
-0.5847732329245589,0.3319223112950501,1.0
1.0244017862066657,-0.23499755835767075,0.0
-0.5985804176738775,-0.09506288974316271,1.0
0.31990086919667804,-0.9525110106214683,0.0
-0.1825645296483429,-0.7078953380751047,1.0
-0.27783127569394744,-1.0724081089688773,0.0
-0.7261373346346749,-0.15084911316702299,1.0
-0.9479709874734898,0.2927696295683144,0.0
-0.8392990956829562,0.07742722661442931,0.0
0.5222902863960053,0.04157373162806524,1.0
-0.5744780811101681,-0.13303919813304166,1.0
0.2668512720383636,-0.4976938714813293,1.0
-0.5243743820767954,0.09295396505214894,1.0
-0.557939452616313,-0.3491931684010661,1.0
0.06364703088253862,0.5945421992515068,1.0
0.8371838689070457,0.18044573900412061,0.0
-0.4509400105253975,0.3138619688057524,1.0
-0.03032296921707516,-0.619622054924455,1.0
-0.11483285555460626,-0.553108823969902,1.0
-0.3705368762655776,-0.3648044403100782,1.0
0.9354952350603186,-0.2912732052747235,0.0
0.1777125938143401,0.59525444520748,1.0
0.8348723023642763,-0.6515225151713884,0.0
-1.1813032238240275,-0.38122031285656544,0.0
-0.4769004624617275,-0.36245822331364785,1.0
0.7399875558736945,-0.8143891783940175,0.0
0.07705831789372702,-0.5977798843175569,1.0
0.34268098282631315,-0.5688922060540782,1.0
-0.30128887352334655,-0.4577164184918644,1.0
-1.1031101197717468,0.10752121704868818,0.0
0.5167851220908225,-0.7353954027145888,0.0
0.916633304973041,-0.1779589530267143,0.0
-0.3426341830826206,0.9899838600513282,0.0
0.7470857357703281,0.21427793695653147,1.0
0.47209312754508365,0.47516831198279585,1.0
0.282692906807183,0.5784746695639748,1.0
-0.3057983292405779,0.4672286426026859,1.0
0.8861861519417831,-0.4088034617574059,0.0
-0.4155363403719844,-0.5171556237088236,1.0
-0.2621368757446932,-0.8507294200381793,0.0
-0.19820800222021645,0.9854950560548296,0.0
-0.41157795711933426,0.37082810111397413,1.0
0.3027914165316269,1.070721952797923,0.0
0.1771874381486226,0.6111781663543391,1.0
1.0891507045942026,0.31242482078874945,0.0
0.28256199251898634,0.617000379375943,1.0
0.5389099222994688,0.1940368351050606,1.0
-0.5397689304273062,0.3114448373029934,1.0
0.9500586244839275,0.436711808780892,0.0
-0.9286166165718972,-0.08398459911054827,0.0
-0.8729184511645558,-0.031239810869871338,0.0
-0.008583819130116938,0.6140597843664174,1.0
-0.10456917956098,0.5334562050607334,1.0
-0.8558578176883279,-0.0037342952056940437,0.0
0.12584978366246544,-0.956016417464887,0.0
-0.8261874770155839,0.37626304453104165,0.0
-0.4561124535827764,0.11925797977534061,1.0
-0.9504209523380357,-0.32597979862911364,0.0
-0.5220568976007107,-0.9465017914530711,0.0
0.7444247383806422,-0.7516447082679176,0.0
0.48297023225399244,0.9073572905294373,0.0
-0.7294290856655236,-0.5728423233667235,0.0
0.8847805653543951,0.5119187105496582,0.0
-0.1678596403150625,0.894142686588214,0.0
-0.14597716179077624,0.9915566987626727,0.0
0.25889414804137895,-0.5458766462455054,1.0
-0.2689419280236367,-0.7061163921569262,1.0
-0.5768090586291094,-0.21233968924645935,1.0
0.0942156082908188,-1.0396123046566947,0.0
0.2025850144202652,1.0187401738550421,0.0
-0.8821896638938569,0.21857773432540056,0.0
-0.5775589281873466,0.1383217373991686,1.0
-0.2387381748211445,-0.7089349726186199,1.0
-0.8250672828312898,0.5196878755425611,0.0
-0.5709920189826532,0.0458321203069561,1.0
-1.0229378420959123,-0.07535526255673289,0.0
-0.38125059885564466,0.3928457530680416,1.0
0.5456019428973121,0.34439586434866204,1.0
0.15738304265645303,-0.9347097203853305,0.0
0.5541223170419021,-0.432111447064523,1.0
-0.17155290700433945,0.7183248143996561,1.0
-0.20956882709041355,-0.6009707678608606,1.0
-0.6090919555776532,0.8159524287847807,0.0
-0.7748961677428452,-0.7558966839920966,0.0
0.9461671110094743,-0.20956186847880054,0.0
-0.9816943259300352,-0.18879099602470356,0.0
-0.41973785837798666,0.8463614538937924,0.0
-0.5081326810198727,0.39629175643445497,1.0
-0.12420134378653,0.553247361929195,1.0
1.095649059474815,-0.3755902776412463,0.0
0.5706548147624497,0.0313841027507401,1.0
-0.5184420821923174,0.4385407534779013,1.0
0.35404849246990455,0.4890863479977832,1.0
-0.14248444643026362,0.5824819849150762,1.0
-0.8013899345326267,0.5100313401374506,0.0
0.7603421514377501,-0.6792784969391561,0.0
0.21064726592730781,-1.0767701860592649,0.0
0.4223202328602147,1.0567504964751389,0.0
-1.0517395165686236,0.19784272726007796,0.0
-0.08542524111705824,0.6935830287114412,1.0
0.22731670089197553,0.5656493152117328,1.0
0.1347964165610535,-0.6688500335438553,1.0
-1.0634841608926633,-0.030327966978822785,0.0
0.8514541597395385,-0.7217417978160752,0.0
-0.04566019498458398,0.9495360233826236,0.0
-0.5727829405746834,0.058244568797015055,1.0
-0.580593852917073,-0.41921007383941256,1.0
0.46131681033304095,-0.5380505372826307,1.0
-0.9704001305939461,0.22989347216369166,0.0
0.26144071448954026,-0.6465078594028516,1.0
-0.27127636833412666,0.54022380090627,1.0
-0.2898156270754166,1.0520829971360945,0.0
0.13254995918987522,0.5452466003187035,1.0
-0.050772785062889625,-0.9852504795912519,0.0
0.021522198786342463,0.571735436165946,1.0
-0.5581862071052694,-0.7384616511812037,0.0
-0.013058042262207706,1.0836463621360195,0.0
-0.9478476462149953,-0.22850620640945152,0.0
-0.7772028533890016,-0.499703825058987,0.0
-0.9559835398445153,0.14767229386220093,0.0
0.3240868681936754,-1.0757599330540664,0.0
0.5155864512000761,0.7825682076674093,0.0
0.7620328144562928,0.6985155600343406,0.0
0.35528457815489967,0.6156248727229903,1.0
-0.8115797626817403,-0.4930863026461309,0.0
1.0616696912682428,-0.3887395338478443,0.0
-0.38529965212132733,0.7480266280829948,0.0
-0.15247331558699265,0.5068929227416981,1.0
-0.6142086553501827,-0.31502553066510774,1.0
0.12472422353981373,0.5499752810847208,1.0
1.035690321122402,-0.10232366963546885,0.0
-0.41266001900219085,-0.6883219538746643,0.0
-0.5840428288314449,-0.08667088397452401,1.0
0.5087907110193911,0.3809700040368292,1.0
-0.6320338220505017,0.13764859118594303,1.0
0.47900015174842897,-0.5465192702707354,1.0
-0.37661316102123327,-0.21328411746847586,1.0
-0.09255852139189466,-0.6126743629819136,1.0
-0.8007944489788743,0.5960378632823709,0.0
0.9999158058142974,0.14243235316379632,0.0
-0.14678956365564488,0.5434140743509926,1.0
-0.501755767502799,0.9372782618002458,0.0
1.0227865018797584,0.0619221703344619,0.0
-0.33711739724978074,0.9899416074897338,0.0
-0.14658071697554229,0.9028349371050438,0.0
0.046988450327095685,-0.5682794932064834,1.0
-0.1795969252510823,0.6017990796425334,1.0
0.056194158088954727,0.9393416082150733,0.0
-0.9030103371838081,0.5514388837391342,0.0
-0.6128993811900804,0.01189594385415696,1.0
0.3641424465525643,-0.563432270604427,1.0
0.35057987685898884,-0.5558922706327686,1.0
-0.33174367013882783,0.12175673689080312,1.0
-0.7012767043317464,0.7469631458679367,0.0
-0.31438185372110444,0.6009143088544678,1.0
-0.43124645112753546,-0.419588476870015,1.0
-0.4390275702992529,0.057318733342428804,1.0
0.6000978398195305,-0.1287751396375666,1.0
0.021026110896396305,-0.49708746335842496,1.0
-0.53847598183174,-0.3403483833194477,1.0
0.889793634938957,0.2002779960173533,0.0
-0.05779675338158757,-0.6587752194352791,1.0
-0.8760807596207709,0.5113353234280881,0.0
-0.2550758564914257,0.5413539374143439,1.0
0.4424777000374402,-0.34396971922907843,1.0
-0.46862333270063655,-0.3326683949716065,1.0
-0.9926629455583769,-0.13339834056400324,0.0
-0.6281566873860538,-0.6552139014197038,0.0
0.15927867939300358,0.5198645421409651,1.0
-0.5442334137079208,-0.8258202795193743,0.0
-0.9805863983211364,-0.08048701962012728,0.0
-0.016343997638497768,-1.0884489348444277,0.0
0.2575933496809347,-0.45837396184300266,1.0
-0.7994869584359224,0.5837966185932163,0.0
0.5606678118052444,-0.26836371541223214,1.0
0.3851816227614844,-0.8845871691647791,0.0
-1.0166438150649981,-0.059915879865153135,0.0
-0.5325725129224975,-0.4241048408760285,1.0
0.07230142349364814,-0.5763028987063985,1.0
-0.0019836131951322597,0.724136697079597,1.0
-0.3443828665053412,-0.36147399187900364,1.0
0.5804085672911224,-0.05456264620604927,1.0
-0.6839395493510214,-0.8079467493113712,0.0
-0.8810978828905205,0.483568557266941,0.0
1.0056698045916037,-0.20534254358274504,0.0
0.9134178398136515,-0.24684602235978248,0.0
0.5337680376324141,-0.11381839651518227,1.0
0.06419313121471679,-0.63986521641903,1.0
0.7734110772757438,-0.6957345109807518,0.0
0.800093739392406,0.4785194508535201,0.0
-0.07830637164664034,-0.6260203588280687,1.0
-0.47186082121711986,-0.35598156499205025,1.0
-0.6935570435593801,0.7298271748730812,0.0
0.5618169895569635,0.03148366746941621,1.0
0.14478811768806876,-0.6398986332865142,1.0
0.493243428519355,0.18638829685661693,1.0
-0.22507816688213,0.9476229546648199,0.0
-0.5508072631599141,0.19303768801764543,1.0
0.3389388650003335,0.39276090179518425,1.0
0.05525917626217822,0.8722333189580225,0.0
-0.4076632610247263,1.0090595198999999,0.0
1.054824991697748,-0.4979575765489095,0.0
-0.641870570975191,0.8667382616639534,0.0
-0.9010586755876266,-0.6023336401843193,0.0
-0.7549882290057696,-0.4092840579546067,0.0
-0.6800757934729273,-0.035035998748447296,1.0
-0.35330777681358444,-0.3694477261653977,1.0
0.4146130029111639,-0.27807645242406814,1.0
-0.2475237480454127,-0.5790897041614355,1.0
-0.6505925876297345,-0.09745294962508269,1.0
0.34286174776160594,0.42078743714157485,1.0
-0.5997647950021916,0.0634236011451216,1.0
-0.4973492050624544,0.19235276950801108,1.0
0.05699576335285156,-0.6143706893673052,1.0
0.10770936856390154,-0.9692478156247808,0.0
0.3915573403018713,-0.3597430552165625,1.0
0.4799521134283501,-0.26074076772358534,1.0
0.19485597121257303,0.5450651263348513,1.0
0.5725062502775996,-0.04247963822049559,1.0
-0.4785474987515266,0.4575269658529114,1.0
0.6365904347046545,0.7025612392390795,0.0
-0.32372741473205485,-0.5366475284527945,1.0
0.41568262553273266,-0.3175918670070723,1.0
0.07098556033183671,0.6275119242721554,1.0
-0.38734299824355023,0.2890171682559259,1.0
-0.5393339032835198,0.26876791387405063,1.0
0.4945324898948303,-0.8140350011398748,0.0
-0.6265866452389136,-0.8984644866501083,0.0
-0.5195761622847742,0.1469768974659497,1.0
-0.6787085192712584,0.8321488446090901,0.0
0.5244924231772723,0.20651670077236772,1.0
-0.39346484768176093,-0.9767208626273143,0.0
0.9160788481015626,-0.19377312237908026,0.0
0.14882227042147794,1.090242615094866,0.0
-0.5828059494306475,0.8775176239363818,0.0
-0.8254237989280433,0.6646558264429161,0.0
-0.15332969117178621,-0.6908265887396657,1.0
-0.5671404447777487,-0.3599236130344552,1.0
0.3951068523006514,-0.3548662485098553,1.0
-0.9230175217656407,0.5198972533608379,0.0
-0.5680354838400802,-0.2208528629209729,1.0
1.0079040849255225,0.4719095906110781,0.0
0.29521783293761505,-0.9241908902158664,0.0
0.6810068289008933,0.0625632178830823,1.0
0.183586046639495,-0.46695221386410835,1.0
1.0901125337785147,0.05563604444495443,0.0
-0.5146463108853656,-0.15431022392190782,1.0
0.38659288334861885,-0.8597571575165165,0.0
0.6502726911766958,-0.03712168747494922,1.0
0.6135736609752563,-0.21514180997390053,1.0
-0.7715068248174535,-0.6512859916903598,0.0
-0.9603513257830032,-0.19383238975360262,0.0
1.0006985535885033,0.24198370945841977,0.0
-0.49312549065607486,-0.29357867238896757,1.0
0.7202295296317991,-0.08171478474317424,1.0
-0.22364116627182176,0.4591223642418797,1.0
-0.593226502682604,0.9073053693685057,0.0
-0.14150912684714217,-0.593513227457438,1.0
-0.971540036266858,-0.6126821746942394,0.0
-0.43152658940222216,-0.3368458589178064,1.0
-0.7073935152556461,0.5949303318645248,0.0
-0.5487458908855116,0.4252884670325223,1.0
0.47174820427534414,-0.5238370921856491,1.0
0.061751524760802964,0.6286627280926722,1.0
0.278886660632428,-0.4527572312504951,1.0
0.938992922815615,0.46109894019360254,0.0
-0.16328046866229112,-0.5897793532088886,1.0
0.6750048877317198,-0.301788458084152,1.0
0.5042996124813357,-0.8968147062311407,0.0
-0.3614928345783296,-0.509629789412326,1.0
0.6705001261186241,0.9407471205988703,0.0
0.9927613972570556,-0.3120603075907942,0.0
0.5718712623335326,0.29049070130130117,1.0
-0.9572709990023129,0.5825541457509821,0.0
-0.5403133206942934,0.8086413628001284,0.0
-0.34789520592813294,0.5435087662031344,1.0
0.537941140556059,0.8152789278729783,0.0
-0.029814060562772388,-0.9860607684524256,0.0
0.814918451749704,0.3481124756939296,0.0
-0.46181901955026455,0.8937720796632977,0.0
-0.34112581199323333,0.34586240706490784,1.0
-0.5489435929282793,-0.24807544254030117,1.0
0.5775742321645817,-0.15358603731924161,1.0
0.780035742308918,0.6728153809497053,0.0
0.6535560890701791,-0.13910328611340816,1.0
0.17957221672576912,-0.5769168148620416,1.0
-0.3777852240348605,1.0015775186411349,0.0
-0.29706543356839943,-0.8693517129771761,0.0
-0.5087400690895016,-0.05301157655229746,1.0
-0.7489412461194003,0.8586116537793251,0.0
-0.2087121716820664,0.9314391126958965,0.0
-0.24307933163794115,0.9707148926212833,0.0
0.4009467981239635,0.9534427542484026,0.0
0.19446605725944177,0.4997996270631321,1.0
0.6263811514979629,-0.6349607733109047,0.0
0.4227476393241669,-0.9977558271050274,0.0
0.2620042365686394,0.8915313306979957,0.0
-0.1472842978147105,-0.6153310814240809,1.0
0.2751184219562917,0.5972821422802712,1.0
-0.21213081946646054,-0.5040851220902811,1.0
-1.0000581299120208,-0.13232862355859132,0.0
-0.24180038637726414,-0.503201346518781,1.0
0.35293568290059585,-0.25144972623896467,1.0
-0.49266572305902456,0.9905472078470701,0.0
0.5897763811542557,-0.5759302646201414,0.0
-0.8244722040928001,-0.6426165698354431,0.0
-0.5832263362132672,-0.05240320946838313,1.0
0.5703002481665692,-0.7801441880731763,0.0
-0.11851258524239877,1.0184808123468896,0.0
1.01885706592441,0.06978210199284646,0.0
-0.4618874396197444,0.38491931084084885,1.0
-0.2962269787231522,-0.512009532152262,1.0
0.016675769931701542,0.6697869883765493,1.0
1.0032181741101032,0.001287622707050175,0.0
0.16256089409507174,-0.7610972830117562,1.0
0.50282590531903,-0.33192998399418705,1.0
0.9222693935246675,-0.16398784216956347,0.0
1.0468801743147695,0.4149096344374667,0.0
-0.011797427960118415,-0.5560387100742427,1.0
0.287895688463372,-0.43517473180413047,1.0
0.9598269662045028,-0.30171917318905206,0.0
-0.6870147672945255,-0.5904567978741032,0.0
0.22648133381051902,0.6201505894718609,1.0
-0.3441268231253398,-0.877420262901149,0.0
0.5297226170900622,-0.6818765973702517,0.0
0.699049081456292,-0.20245032760406084,1.0
-0.46981101590620933,-0.3338950086096031,1.0
-0.2775912175805846,-0.4406937333037373,1.0
0.9612735811406314,0.11363971427998709,0.0
0.37095096892274404,-0.6606647359930071,1.0
-0.5331727367878059,0.8821001622393616,0.0
-0.8977523462623134,0.2784708050112907,0.0
0.4990035076674615,-0.47003469578692963,1.0
0.3718674958946308,-0.5824586164234976,1.0
1.0695368006691244,0.006867846030759239,0.0
-0.902840082667238,0.33143118333434074,0.0
-0.27686384836727684,-0.5361622357169618,1.0
-0.8702384124217483,-0.6756404070737823,0.0
1.0266298956729822,0.18277967253203653,0.0
-0.5886668265587193,-0.11760534515873049,1.0
-0.22588370505291433,-0.4322248630724142,1.0
0.6084067533646685,0.43832579357314777,1.0
-0.17616530609320952,0.8884368769403906,0.0
-0.6310421021656124,0.04807136949474572,1.0
0.19525804247964906,0.9361004578679781,0.0
0.15996777591181915,0.9904146805590623,0.0
0.22705218243744907,-0.470870224503107,1.0
-0.6783036786782779,0.3198761797234536,1.0
-0.5513876434603807,-0.42269956545328446,1.0
-0.15255542211179718,0.6535078584248784,1.0
-0.8813455563743443,0.5578595332056576,0.0
0.7563331878326742,-0.6795634642862032,0.0
-0.3262357860041202,-0.5976484445455921,1.0
-0.544895214183778,0.8702580410313774,0.0
0.30091975380661334,0.23890878530403978,1.0
0.9177274650612687,-0.32935566921373904,0.0
-0.10707608435236414,-1.0421806682444552,0.0
-0.6751939876651417,0.14435608282188783,1.0
-0.4196647342715717,0.46992978144865316,1.0
-0.7500650974012868,-0.687226542641225,0.0
0.8010643575538021,0.5437160949357572,0.0
0.3331075456714724,-0.45236436121038515,1.0
0.38452971028244576,0.8693649899340015,0.0
0.5883273204378986,-0.8122638120541886,0.0
0.007130360795644918,0.9808373096524209,0.0
-0.7787020164609632,0.6324770226312574,0.0
-0.4643801777939327,-0.059626937714096606,1.0
-0.5042010201991394,-0.9194126598568645,0.0
0.24317353956954582,0.5679006932461059,1.0
-0.7793502963322216,0.5168148608058146,0.0
-0.24343468885042652,0.9526005964938101,0.0
0.20637161157807649,-0.4978241598917342,1.0
-0.567757478106879,0.08491233094153407,1.0
0.7517548058208087,0.5489294012499116,0.0
-0.9520857719034389,-0.5902829554924877,0.0
0.9263986933870441,0.519386773033095,0.0
-0.7095433114712469,0.7097991846691214,0.0
-0.3777311102355848,0.8565682861497865,0.0
-0.6933802540441755,0.8111240682978399,0.0
0.7738691465957866,-0.561637886643007,0.0
0.05285866586122437,0.5794559976670137,1.0
-0.047172187590741266,-0.9859051926900587,0.0
0.38022740065771077,-0.9209641567483223,0.0
0.5533475021270075,0.12176482231995206,1.0
0.1403296090156287,-0.577597734239499,1.0
-0.5471612402296059,0.11683496930255821,1.0
0.6793610779461315,0.6852238097307843,0.0
0.3138344833717373,-0.5742225775305071,1.0
-0.09296652356500358,-0.6583282693132579,1.0
0.6020844100746635,0.1425138881692643,1.0
-1.0767793639261243,-0.13966043137415748,0.0
-0.8315690971175549,-0.7003221861838773,0.0
-0.8450691834678024,0.6441415085640566,0.0
0.536758357249319,0.7832764663712588,0.0
-0.028769799812244617,-0.5669640065478685,1.0
0.5296977808089692,-0.21076101627281166,1.0
-0.11940640779816379,0.9623124630033875,0.0
-0.4117047224930621,-0.863606031068033,0.0
-0.12629825263710254,-0.9789244463426235,0.0
-0.8138872495126336,-0.16723800042309633,0.0
0.9513905552437119,0.18854889501598063,0.0
-0.7153291761044646,0.8564425117908603,0.0
1.1143985440574096,-0.0041179545905995485,0.0
0.36204793590223616,0.42715684071826115,1.0
-0.616787744184396,0.09265198682192015,1.0
0.8930571432226669,0.4652309461704325,0.0
-0.5383055877941018,0.22455508364767962,1.0
-0.5592550341294295,0.023362659881171435,1.0
-0.675407986350876,-0.08659971075508505,1.0
0.5244942582939757,-0.3479047451748858,1.0
-0.3701247555074672,-0.586438505962395,1.0
0.14499961235111197,-0.5024373587977894,1.0
-0.32732355693288817,-0.4477106504360879,1.0
0.6547557262428236,0.7016307347442581,0.0
-0.06754204043206621,-0.5723029458580272,1.0
0.8271987619157677,0.6370843939151443,0.0
-0.3675844642872264,0.4772789970040202,1.0
-0.25782995199818354,-0.4901923027389834,1.0
0.015387845016840193,-0.9781116599192494,0.0
0.721018397406258,0.7443049437933389,0.0
1.0674182066601445,-0.1521212782958824,0.0
0.08299318226937473,-0.9279743675783368,0.0
-0.6096085581360094,-0.25332139326650727,1.0
0.22786591315701613,0.5528501599559614,1.0
0.5446151194739932,0.4302099905638145,1.0
0.5264098281016026,0.7394611536086385,0.0
-0.7197151805611322,0.7438872903615391,0.0
0.5749146835774515,0.852379196056787,0.0
-0.6978650501520477,-0.23509290184809856,1.0
-0.5480440339674528,-0.7271341262298431,0.0
0.361038428332975,0.9264674082836322,0.0
0.8372291054091009,0.6569225183802933,0.0
0.49498531357352116,-0.25513064041541095,1.0
0.47568561881345167,0.23469801632896348,1.0
-0.8553730053566826,0.16161213439275324,0.0
0.6241607385963941,-0.7576175746096032,0.0
0.21171885842513385,-0.9748632289729342,0.0
1.0259590833829006,-0.14268146612292873,0.0
0.23528606255376003,-0.5728759688708571,1.0
-0.6272281118195131,-0.14134964977445036,1.0
-0.26247220588775877,-0.4077661655714757,1.0
-0.5585228987447216,0.12468061653285684,1.0
0.22752779979608803,-0.4800967411565876,1.0
0.13944909703842026,0.5233198195109864,1.0
-0.5597253652449986,-0.8170242323755861,0.0
0.6714287560727057,-0.10724226771203052,1.0
0.9751362917715346,-0.20446108100282595,0.0
-0.5427110261896325,-0.36753874401312325,1.0
0.4806493440225793,-0.021200594161892877,1.0
0.22269552987487756,0.37663160493020287,1.0
-0.30073509506546314,0.5619828517470183,1.0
1.0109228233756313,0.07296686176543882,0.0
-0.09740377730294862,0.5819697585055946,1.0
0.8511783386532963,0.6592205690961327,0.0
0.35514914025418376,0.33876455345450407,1.0
0.26202613075860476,1.0055590411895743,0.0
0.6812938512136133,-0.05085563276108768,1.0
-0.752421685219366,-0.7950592508157794,0.0
0.49156489862194985,0.04433044775785628,1.0
-0.43498902734874645,0.44768667237340104,1.0
-0.23595203996357747,-0.5673758922878396,1.0
-0.17617732735314476,-0.5335771710117556,1.0
-0.13257332365823168,0.603902931502544,1.0
-0.3827373386571167,0.9402774892763694,0.0
-0.8962770410481933,0.313671638024661,0.0
0.3048959474453948,0.59025878955507,1.0
-0.15465057474151372,-1.0119943684926354,0.0
-0.11317351668050574,-1.0693219689501507,0.0
0.14750267523635732,-0.5442377226748952,1.0
-0.7673937855837698,-0.44621741926594893,0.0
-0.55943767494548,-0.2100716524824996,1.0
-1.1121352115639431,-0.3154671414748171,0.0
0.6459373677214306,0.8338150306224719,0.0
0.5036111274061069,0.38249779281446095,1.0
0.6069360689180333,-0.24859810075772057,1.0
-0.8233658702231655,-0.632421746257922,0.0
0.652946502113653,-0.5855683168912565,0.0
0.5736824548774587,0.21209940547033665,1.0
0.5090390014596531,0.9276695059238741,0.0
0.6424261547040623,-0.8505397027072688,0.0
-0.8942120235288573,-0.36364979024037286,0.0
0.9574246169156003,0.3992560056939101,0.0
0.2721434241703127,-0.8909332812460654,0.0
-0.9588436093817555,-0.42253901702417385,0.0
-0.24722021028525296,-0.7055967174343953,1.0
-1.0481946621269371,-0.33655297728024813,0.0
-0.32532358476124945,0.9968331272589092,0.0
0.20196528857984103,-0.5652716184777301,1.0
0.6163839077054907,-0.10783546954627908,1.0
-0.6117080615798761,0.7676265250127705,0.0
0.4760259678062193,-0.39208486269887943,1.0
-0.5125284104156967,0.5366940401082737,1.0
0.6662842211287439,0.2984833620200511,1.0
-0.29931161180424526,-0.32706233072363083,1.0
-0.3127624387602197,-0.9901418656579172,0.0
0.030279391476122044,1.0472718977972373,0.0
0.6911794396320009,0.6667738014530824,0.0
-0.14275748223253565,-0.6264911859382277,1.0
0.3290375355904242,-0.5959577681134378,1.0
0.5748752792758802,0.35871092502531904,1.0
-0.20651870592723617,-0.37880162876661805,1.0
0.5779343372180281,-0.24627562267576164,1.0
0.04379624537572501,-0.6232307923789516,1.0
0.2374494241081299,-0.409463921433974,1.0
0.681249588181559,0.07574939308009343,1.0
-0.4386187342062488,0.4748641450790582,1.0
-0.7472878839298934,-0.5360365596864914,0.0
0.7913959711375967,0.5653281157799194,0.0
0.6543962111027783,0.1432334553245392,1.0
-0.6161008900005146,0.8710703064571903,0.0
0.5295719302177295,0.14673800570726564,1.0
0.9478942854179572,0.15732922647639147,0.0
-0.9837605638168356,0.07571278571861073,0.0
-0.7306316238294892,0.6232149833643699,0.0
-0.18093096497839053,1.0140314053435722,0.0
0.24065710579295146,0.9606980034063167,0.0
0.19191168663956362,0.8753979783030177,0.0
0.9518128029578152,-0.1746657286640677,0.0
0.37071203520229545,-0.49342895697195094,1.0
0.8465480714387791,0.4005312354213411,0.0
0.6998913729237467,-0.12496924746149647,1.0
1.0156093311239915,-0.15195552824269992,0.0
0.49216728223083134,0.38720594799998265,1.0
0.9426159962677733,0.2260490812561668,0.0
0.2556281134744793,-1.0171311811141381,0.0
0.5836872322418221,-0.8031349023296335,0.0
0.7665479188444199,0.5768512553314578,0.0
-0.6033293990987634,0.2718866471508984,1.0
-1.0794576779572749,0.28504150645788806,0.0
0.4743117898275554,0.08480828835981925,1.0
0.20292543010938852,-0.7624489059301078,1.0
0.024324643791664727,0.6892274040403442,1.0
-0.2710991977764714,-0.8567617823033711,0.0
0.8514590686903829,-0.298783367468089,0.0
-0.4742154786264331,0.22008615754610517,1.0
-0.8333812559257461,0.3862133362051272,0.0
-0.7348261903171287,0.6458364574404427,0.0
0.8795098744751836,-0.7038507340003984,0.0
0.3596207204418381,-0.7517880121332685,0.0
0.9476584098372263,0.21860261580061838,0.0
-0.7815121068987352,-0.1003773249509369,0.0
-0.1517875147631707,-0.6065270929968247,1.0
1.1117735788447372,0.30073265651432934,0.0
-0.07437914481400873,0.6098114454963617,1.0
0.08289723980297975,0.6298519770152359,1.0
0.8829820002007019,-0.525196697778042,0.0
0.23218536762842412,0.8526163228239314,0.0
1.0259739420398173,0.04477588231651782,0.0
0.4022137427510165,-0.07029899432416799,1.0
-0.24227455298328096,0.6042752912879971,1.0
-0.38557661722482006,-0.4164699180596355,1.0
0.13788142616760232,-0.5673031498724816,1.0
-0.18463847635839728,-0.8254635177473413,0.0
-0.30879579504820387,0.41019995503425377,1.0
0.2284395680955226,-0.9524154325114423,0.0
-0.7971544954517149,0.3934347650048313,0.0
-0.972405902030775,-0.1515313922122783,0.0
-0.08804602525805177,-0.4506904388701519,1.0
-0.5367011625331418,-0.11783520167310353,1.0
-1.007498848311241,0.1847879424993068,0.0
-0.5293196861578442,0.5236512745363235,1.0
0.19842637624622536,-0.627995351105989,1.0
-0.2711797659011993,0.4270891614123432,1.0
0.09465104931664761,0.7262047566492907,1.0
-0.5415453786048006,0.25323379925380407,1.0
-0.6748892454674329,-0.15416095790766432,1.0
-0.03506369530562595,-1.0415178902450322,0.0
0.07217930687680178,0.6075249135226256,1.0
-0.036649902765152065,-1.223985123621076,0.0
0.32867844989929096,0.8479196942344913,0.0
-0.5467763758154768,0.0057798067832249,1.0
0.40333118941137736,-0.3827106219795534,1.0
-0.01958724884325515,-0.8953715961855065,0.0
0.469136085780525,0.4346684520389347,1.0
0.6359004773714222,-0.22400875481091773,1.0
-0.7104931959178419,0.9025225216999666,0.0
-0.6679274340425596,-0.26109909242172896,1.0
0.45246626226976966,0.8323828212395922,0.0
0.5861705072022826,-0.9650347329969411,0.0
0.21154522960263383,0.6560524555637854,1.0
0.9933227947353279,0.044360576328491774,0.0
-0.35634652835312686,-0.48876324665611537,1.0
-0.46853191170089786,-0.3771889490717031,1.0
-0.5668009472580536,0.8585668263837823,0.0
0.02733409512676292,-0.46528191245619077,1.0
0.37047454539430347,0.5084784170178843,1.0
-0.6325945677876739,-0.7672655460014892,0.0
0.22435198518168395,-0.9631733397956842,0.0
0.15752028188250136,-0.802092214030431,0.0
-0.7226512174424806,-0.8503936214391556,0.0
-0.8543297630831863,-0.5727488086196647,0.0
-0.22782210894780439,0.47148560944542023,1.0
-0.5337551497176847,0.2848526931862718,1.0
-0.8276540207200508,0.39268677732240487,0.0
-0.7639922793870911,-0.3988768959638449,0.0
0.0602812325708989,0.5187249009838832,1.0
-0.47929313607944735,-0.2493359736715356,1.0
0.5133946996468062,-1.016052224896627,0.0
-0.03357615378213409,-0.6237159348168503,1.0
-0.3747771803356852,-0.9287561449162501,0.0
-0.9433079538360781,0.21979577879475243,0.0
0.17308261029319372,-0.552285638714718,1.0
-0.1985402855115933,0.5655238566544933,1.0
0.7804138423326403,0.6966782823822896,0.0
-0.06724751314364065,-1.0411090648482986,0.0
-0.03172330182663932,0.9081765857301256,0.0
0.5842155162176496,-0.3329642802202819,1.0
0.4395486295875942,0.8652780813429058,0.0
0.7256884052694661,-0.8083295061149102,0.0
0.4084842254039998,0.8347958801853727,0.0
-0.9016640170253382,-0.01451922190060749,0.0
0.38991020564946216,0.32543406903536154,1.0
-0.7823690895317961,0.23248538738666705,1.0
0.3007407589016905,-0.6000214808159641,1.0
-0.5489268187480056,-0.03305168192630403,1.0
0.5105078221082426,-0.8504336282978611,0.0
-0.2821327166713021,-0.5456600797199109,1.0
-0.3479783084528587,0.466088621898773,1.0
0.5605803843056429,0.005111146650396543,1.0
0.5007888873773708,-0.19524000089667787,1.0
-0.06718158762018989,-0.5899252665396987,1.0
-0.6327608381842862,-0.8233571848068951,0.0
-0.8726365092271035,0.14430310833470017,0.0
-0.09702409306385612,-1.04856092126612,0.0
-0.19012448817259858,-0.5362644192415424,1.0
-0.6205268648984541,-0.1439087564644078,1.0
-0.1536649655510648,0.5130650209386447,1.0
0.004473777555361408,0.9931339850797573,0.0
0.7180891178887625,0.7020690773780804,0.0
-0.17409311652604467,0.602323400268647,1.0
-0.4290644040533306,-0.31417997626900734,1.0
-0.4477294465049336,0.27121513431475586,1.0
1.0168881891020496,0.4459608381002333,0.0
-0.8997840643167534,-0.26330136519756736,0.0
-0.30920287184467543,0.29841350578891845,1.0
-1.0263233924513304,0.1792117923940136,0.0
1.0038570878088318,0.1463549364151379,0.0
0.9118910721606075,0.022295719963496205,0.0
0.5000274275301092,1.0622379826851998,0.0
-0.5654178019872722,0.19567185614579458,1.0
-0.8420896838158644,-0.42663217697194405,0.0
-0.3652346835997382,0.4885956201043391,1.0
-0.674635071307098,-0.8353674068860509,0.0
0.4774456453875682,0.9038967175405104,0.0
-0.6905215820661819,-0.7162904768360877,0.0
-0.4313126286134242,0.41412541436081435,1.0
0.522641313265582,0.1898998843672069,1.0
0.8518708615451102,0.2666410241464047,0.0
0.2999611952590181,-0.5511972586400199,1.0
-0.42664605924879867,-1.02556950979104,0.0
-0.017509334185639103,0.5240916479608344,1.0
-0.7226537956931043,0.7359610587493406,0.0
-0.032664963980983716,-0.5045335021716768,1.0
0.5917762000079531,0.07553321550560092,1.0
0.8568599982787767,0.34374494321597737,0.0
0.8765791277332835,-0.3683684052563274,0.0
0.0353915890419325,-0.7528753174027758,1.0
-0.5034418848488823,-0.44172914092115995,1.0
0.6758114171171812,0.15847376317368428,1.0
0.4999589007854465,0.32961796162155754,1.0
-1.005894911743918,-0.08167278652534932,0.0
-0.77714541659893,-0.40313761006951115,0.0
-0.660991182402134,-0.09258166323834066,1.0
0.058591520905901626,-0.7568617856144744,1.0
0.5216384509274812,-0.1625659499372169,1.0
0.1809414061814711,0.458012724261301,1.0
-0.7905979992407123,0.5601794727679408,0.0
-0.03384441289248567,-0.5434991633363032,1.0
0.8440700514886159,-0.4195748540397348,0.0
-1.1175522819064372,0.05110952303253678,0.0
-0.5786083118387332,0.4199012506404445,1.0
0.42374598906478617,-0.47997405004252747,1.0
-0.33934580109452395,0.4602830111808162,1.0
-0.8501989215623436,-0.5505302768628669,0.0
-0.43549031869671584,0.7690648108934014,0.0
-0.7532134728857633,0.8599166328003641,0.0
-0.37761445544681516,-0.4659390754820912,1.0
0.4088028782289271,0.3951299565455093,1.0
0.6080232343585421,-0.07233038394546357,1.0
-0.7185616095914085,0.7576746360610316,0.0
0.5783285428151067,0.1239473101635394,1.0
0.26297463760087136,0.5495074179157321,1.0
-0.5314185470662276,0.3784666833853641,1.0
-0.41212911428471677,0.5247551799799766,1.0
0.1675197610138086,1.056719094602712,0.0
-0.7171169580422398,0.2744426817889697,1.0
0.4436700025876899,0.640188633472348,1.0
-0.38716647552716976,-0.3802963817176177,1.0
-0.4415356073505662,0.500048467835191,1.0
0.25571386231341164,0.659067742345299,1.0
-0.4433521462749026,-0.39076047457365154,1.0
0.5877210538361234,-0.9408645483201268,0.0
0.5464359545595009,0.21401260741216716,1.0
0.6349136077328428,0.6821545872662895,0.0
-0.471316920741936,-0.3351039770290384,1.0
-0.4018504331008352,-0.2780409869560786,1.0
-0.15942302145255416,1.0751155242845627,0.0
0.4718845604182821,-0.8465004492091303,0.0
-0.868920426911703,-0.4516255247967684,0.0
0.7935805434101472,-0.5371641419776478,0.0
-0.6269297435093718,0.8082307647045961,0.0
-0.528378867106931,-0.8027569042732322,0.0
0.9157560091379159,-0.14892255737415186,0.0
0.44004320285504045,0.23487700050935478,1.0
-0.29954510445504734,0.840836339943395,0.0
0.5447273471847517,0.11935707571159224,1.0
0.055433108224471464,0.6063428485160395,1.0
-0.09971154271156416,-1.165247201186346,0.0
-0.47891750245620457,0.3053950090789239,1.0
0.6424807122915354,-0.25262378769933064,1.0
0.16724640550942393,-0.5512099923890142,1.0
0.033838194543339715,-1.0533230090481618,0.0
-0.7895659093732021,-0.7214830672520145,0.0
0.4464221743136238,-0.2731135865918339,1.0
-0.03125386999196002,-0.6915148984344056,1.0
-0.8036284697322289,-0.5266306053877758,0.0
0.5593275626920688,0.8110263665986513,0.0
0.5630668179544768,-0.2737295931742195,1.0
1.1468921287248235,0.2218238718109757,0.0
-0.5843065696684675,0.1886963593659531,1.0
0.4904324200871714,0.15636638360300883,1.0
-0.18458112767903814,0.5665292235667131,1.0
-0.7839906722768483,-0.33227488591612464,0.0
0.3714509021465615,-0.3414478205631579,1.0
0.8491741947296514,0.6447224411463789,0.0
0.09259438732486841,-0.5856606295041612,1.0
0.5539131311073086,-0.25068666513768273,1.0
-0.28851859353806253,0.5543979520999662,1.0
0.43349524291505587,-0.46244825530544037,1.0
-0.4780913756561213,0.2821689895154789,1.0
-0.7498042333642261,-0.5396114385970392,0.0
-0.122322262595352,0.6342872799686438,1.0
1.0163779843071081,-0.27884945913705783,0.0
0.2553994622563807,0.9267156891723938,0.0
-0.48371094241324464,-0.34376556357189064,1.0
-0.7558059027564507,0.7084189933689744,0.0
0.6165048204267958,0.026608822958463826,1.0
-0.268297744095012,-0.4294043586331259,1.0
0.46860460774855744,0.24964795757119607,1.0
0.10551601010717586,-0.39314631666783983,1.0
0.1160554844476912,1.0042806569361113,0.0
-1.0048800373677458,-0.32496854480002496,0.0
0.8473231525024562,0.8679718497407845,0.0
-0.21221942473498018,0.6719425929775296,1.0
0.06659778402491137,0.5668634788645086,1.0
0.6799897810351205,0.24439325729709596,1.0
0.2845461359656925,1.0076379216141578,0.0
0.43182092099589764,-0.3414133608091353,1.0
-0.4810465326027319,-0.00659831948375704,1.0
0.8081326893186601,-0.33974413855197355,0.0
-0.4573391440062062,-0.3810115317677903,1.0
0.2956012046914759,-0.5408271772929579,1.0
0.6129678552843669,0.007586685543552392,1.0
0.6815444295923566,-0.11096818768445227,1.0
0.5432105896268331,-0.16655472339971164,1.0
0.9462983661235018,0.36058031120842615,0.0
0.6366672565385796,-0.5348794464277107,0.0
-0.22764579881774916,-1.080666378187842,0.0
-0.9965627818425954,-0.06340963618406407,0.0
-0.8095037123082119,-0.1288958727339197,0.0
0.6501174976218744,-0.8555181848723351,0.0
0.5449304396079583,0.4066308832208399,1.0
-0.3599932504902056,0.38152983306125005,1.0
-1.0065947732886793,-0.5054891024999952,0.0
0.39964788173489263,-1.018012475231403,0.0
-0.6282359419149719,0.5918696760181995,0.0
0.28693631116121676,0.9813643047250956,0.0
-0.6407260033965638,0.21121434871528466,1.0
0.4551180007807841,-0.41078509906609817,1.0
0.39385348909223217,-0.4603313107884686,1.0
0.944028721081264,0.27032431993772055,0.0
-0.4393567284703218,-0.09215578829820537,1.0
-0.01996387723913099,-0.6040386551157413,1.0
0.6445848794756209,-0.05751109657449463,1.0
-0.11838285654857808,-0.4968289259245531,1.0
-1.03171720528444,0.09264765664982669,0.0
0.1658139090400056,1.0660651200714626,0.0
-0.9305910028102797,0.16288178931803918,0.0
0.5999887088473336,-0.7396065666625788,0.0
-0.5731782678682936,0.21943469855863912,1.0
-0.33395514203002086,-0.47865876499117166,1.0
0.9191052021882453,-0.24260896914708915,0.0
-0.685076244761614,0.11278531250865703,1.0
-1.0760302065650562,0.0534772139700785,0.0
-0.6550092600445754,-0.022707191596067572,1.0
-0.8877188692923406,-0.3864308039601406,0.0
-0.63086269307239,-0.7354122972237697,0.0
-0.48163246207886784,-1.0222500699309451,0.0
-0.09658625977317015,0.6938902194615783,1.0
1.0530550039496593,-0.21360787040300874,0.0
0.36957085164551423,0.44893317005544353,1.0
-0.5413808652530387,-0.33320666090191664,1.0
-0.2119606513601853,-0.9862775446939754,0.0
0.06137892376852298,-0.9190540813176846,0.0
-0.13483017406017928,-0.8816613008802947,0.0
0.5798017632697117,-0.13892612482477135,1.0
0.8635916354049497,-0.5783861847586879,0.0
0.60254997829488,-0.05698688257105146,1.0
0.9395423718140588,-0.03477360092814768,0.0
-0.4964002348365069,-0.8143313503430079,0.0
0.19415644391887726,-0.9289268482723022,0.0
-0.20893647081327874,-0.5250865802022039,1.0
-0.5015727250797157,0.24668311218082314,1.0
-0.5414705168495254,0.4373161273319087,1.0
0.037704589976231384,0.5225173435371543,1.0
0.8455809571526329,-0.7479099237514145,0.0
0.5465458801204724,0.7494429558890967,0.0
0.2972473833888878,-0.4277679451843883,1.0
-0.011521262793302137,1.0722640850785508,0.0
0.5699331528292447,0.07507112219168363,1.0
0.8613712385449278,0.4233278573371037,0.0
-0.019490408028468853,-1.040544518581025,0.0
0.5966934594728229,0.9521133689303177,0.0
0.6048510228764066,-0.11992590971449843,1.0
-0.4312742120050815,-0.35386090595940706,1.0
0.6240085098077697,0.07168440141234687,1.0
0.8538458234144533,-0.5047541303407881,0.0
-0.01809616789298879,-0.6202029836561219,1.0
-0.5899459186674695,-0.08386526073573247,1.0
-0.24628522991925045,0.9131840296252857,0.0
0.39945866851514084,0.7569478768580408,0.0
0.9731141234720815,-0.3533064431331166,0.0
0.529120132097752,0.5423221291258206,1.0
0.249663233645531,-0.9254432645969364,0.0
0.09814712569077787,0.6408471097046758,1.0
-0.22706629073539036,-0.5973389439652549,1.0
-0.6367174322674056,0.35183172570526633,1.0
0.26046296465835705,-0.4296094922588969,1.0
0.18750055613367553,0.500576683020335,1.0
-0.33105604265777266,-0.8219546370053048,0.0
0.2841761602940036,-0.957103734581454,0.0
-0.5140878019312257,-0.01912488153882804,1.0
0.6734203595814929,0.8357251042993286,0.0
-0.1684333721276647,1.06818003763935,0.0
-0.43947731018035274,-0.9351284548673698,0.0
-0.04152937614952359,-0.540490596237626,1.0
-0.4972564192989576,-0.3875028616544108,1.0
0.6808130107093809,-0.22153022838610548,1.0
0.9545256763325928,0.22769388790434697,0.0
0.740529659885172,-0.7099073193636519,0.0
0.41822486093320993,0.41822043970057254,1.0
0.5670747153269277,-0.07517906989715112,1.0
0.7280712614824786,0.09753179469825116,1.0
0.31343117402394144,0.37395025508391005,1.0
0.91115470155698,0.2379658401637377,0.0
-0.4035677762479194,0.9150753113580888,0.0
-0.5755333284103525,-0.7093442079327443,0.0
-0.643069197466119,-0.7162391333053684,0.0
0.33679037858809235,0.43054540446716977,1.0
-0.35749488917293626,-0.3277020096790328,1.0
-0.7344100384817817,-0.7002933785385034,0.0
0.8664314158396382,-0.1068150753782743,0.0
0.15181374944159032,1.0963099649593047,0.0
0.9795143117601596,-0.43419451454459623,0.0
-0.8835754461249541,0.2597630802253387,0.0
0.6691399055590688,0.46414845373298186,0.0
0.5169718478550401,0.41003723145142384,1.0
-0.2342816088865534,-0.5623716518186767,1.0
-0.6183515252007092,0.23216312797760896,1.0
-0.37853426863427975,0.9368940924047726,0.0
-0.4896628192159743,0.93337672603521,0.0
0.9673534561715387,-0.4254887804348389,0.0
-0.5493940862506776,-0.23449950921186843,1.0
0.8850908221178067,0.2952148550824149,0.0
-0.638061528659705,-0.18366148673649302,1.0
-1.0948933869420918,0.22564356096178392,0.0
0.9998668010684733,0.3124701590104051,0.0
1.0247166759749338,-0.01177071832711937,0.0
0.4990521896128183,-0.2416873958980743,1.0
0.5481187452109063,0.21683424277004926,1.0
0.2938871836542019,-0.900770303771995,0.0
